,img_path,label_num,y_true,y_pred_teacher,y_pred_student
0,/lustre/backup/WUR/WFSR/gaur001/PlantSeg/plantsegv3/images/train/apple_black_rot_1.jpg,1,1,25,9
1,/lustre/backup/WUR/WFSR/gaur001/PlantSeg/plantsegv3/images/train/apple_black_rot_11.jpg,1,1,31,9
2,/lustre/backup/WUR/WFSR/gaur001/PlantSeg/plantsegv3/images/train/apple_black_rot_12.jpg,1,1,9,25
3,/lustre/backup/WUR/WFSR/gaur001/PlantSeg/plantsegv3/images/train/apple_black_rot_15.jpg,1,1,20,9
4,/lustre/backup/WUR/WFSR/gaur001/PlantSeg/plantsegv3/images/train/apple_black_rot_156.jpg,1,1,26,9
5,/lustre/backup/WUR/WFSR/gaur001/PlantSeg/plantsegv3/images/train/apple_black_rot_187.jpg,1,1,25,9
6,/lustre/backup/WUR/WFSR/gaur001/PlantSeg/plantsegv3/images/val/apple_black_rot_28.jpg,1,1,1,9
7,/lustre/backup/WUR/WFSR/gaur001/PlantSeg/plantsegv3/images/train/apple_black_rot_3.jpg,1,1,25,25
8,/lustre/backup/WUR/WFSR/gaur001/PlantSeg/plantsegv3/images/train/apple_black_rot_34.jpg,1,1,9,9
9,/lustre/backup/WUR/WFSR/gaur001/PlantSeg/plantsegv3/images/train/apple_black_rot_38.jpg,1,1,9,9
10,/lustre/backup/WUR/WFSR/gaur001/PlantSeg/plantsegv3/images/train/apple_black_rot_4.jpg,1,1,9,9
11,/lustre/backup/WUR/WFSR/gaur001/PlantSeg/plantsegv3/images/train/apple_black_rot_44.jpg,1,1,9,9
12,/lustre/backup/WUR/WFSR/gaur001/PlantSeg/plantsegv3/images/train/apple_black_rot_5.jpg,1,1,9,9
13,/lustre/backup/WUR/WFSR/gaur001/PlantSeg/plantsegv3/images/train/apple_black_rot_53.jpg,1,1,25,9
14,/lustre/backup/WUR/WFSR/gaur001/PlantSeg/plantsegv3/images/train/apple_black_rot_6.jpg,1,1,25,9
15,/lustre/backup/WUR/WFSR/gaur001/PlantSeg/plantsegv3/images/train/apple_black_rot_61.jpg,1,1,9,20
16,/lustre/backup/WUR/WFSR/gaur001/PlantSeg/plantsegv3/images/train/apple_black_rot_69.jpg,1,1,9,9
17,/lustre/backup/WUR/WFSR/gaur001/PlantSeg/plantsegv3/images/train/apple_black_rot_74.jpg,1,1,9,25
18,/lustre/backup/WUR/WFSR/gaur001/PlantSeg/plantsegv3/images/train/apple_black_rot_8.jpg,1,1,25,25
19,/lustre/backup/WUR/WFSR/gaur001/PlantSeg/plantsegv3/images/train/apple_black_rot_80.jpg,1,1,20,9
20,/lustre/backup/WUR/WFSR/gaur001/PlantSeg/plantsegv3/images/train/apple_black_rot_9.jpg,1,1,3,25
21,/lustre/backup/WUR/WFSR/gaur001/PlantSeg/plantsegv3/images/train/apple_black_rot_google_0000.jpg,1,1,20,1
22,/lustre/backup/WUR/WFSR/gaur001/PlantSeg/plantsegv3/images/train/apple_black_rot_google_0002.jpg,1,1,11,20
23,/lustre/backup/WUR/WFSR/gaur001/PlantSeg/plantsegv3/images/train/apple_black_rot_google_0003.jpg,1,1,3,9
24,/lustre/backup/WUR/WFSR/gaur001/PlantSeg/plantsegv3/images/val/apple_black_rot_google_0005.jpg,1,1,2,20
25,/lustre/backup/WUR/WFSR/gaur001/PlantSeg/plantsegv3/images/val/apple_black_rot_google_0012.jpg,1,1,9,9
26,/lustre/backup/WUR/WFSR/gaur001/PlantSeg/plantsegv3/images/val/apple_black_rot_google_0015.jpg,1,1,3,9
27,/lustre/backup/WUR/WFSR/gaur001/PlantSeg/plantsegv3/images/val/apple_black_rot_google_0016.jpg,1,1,25,9
28,/lustre/backup/WUR/WFSR/gaur001/PlantSeg/plantsegv3/images/train/apple_black_rot_google_0022.jpg,1,1,9,9
29,/lustre/backup/WUR/WFSR/gaur001/PlantSeg/plantsegv3/images/train/apple_black_rot_google_0024.jpg,1,1,25,25
30,/lustre/backup/WUR/WFSR/gaur001/PlantSeg/plantsegv3/images/train/apple_black_rot_google_0026.jpg,1,1,9,9
31,/lustre/backup/WUR/WFSR/gaur001/PlantSeg/plantsegv3/images/train/apple_black_rot_google_0028.jpg,1,1,25,25
32,/lustre/backup/WUR/WFSR/gaur001/PlantSeg/plantsegv3/images/train/apple_black_rot_google_0033.jpg,1,1,3,3
33,/lustre/backup/WUR/WFSR/gaur001/PlantSeg/plantsegv3/images/train/apple_black_rot_google_0045.jpg,1,1,25,25
34,/lustre/backup/WUR/WFSR/gaur001/PlantSeg/plantsegv3/images/train/apple_black_rot_google_0048.jpg,1,1,25,9
35,/lustre/backup/WUR/WFSR/gaur001/PlantSeg/plantsegv3/images/train/apple_black_rot_google_0050.jpg,1,1,3,9
36,/lustre/backup/WUR/WFSR/gaur001/PlantSeg/plantsegv3/images/train/apple_black_rot_google_0051.jpg,1,1,9,3
37,/lustre/backup/WUR/WFSR/gaur001/PlantSeg/plantsegv3/images/train/apple_black_rot_google_0055.jpg,1,1,9,9
38,/lustre/backup/WUR/WFSR/gaur001/PlantSeg/plantsegv3/images/val/apple_black_rot_google_0056.jpg,1,1,9,9
39,/lustre/backup/WUR/WFSR/gaur001/PlantSeg/plantsegv3/images/train/apple_black_rot_google_0062.jpg,1,1,1,20
40,/lustre/backup/WUR/WFSR/gaur001/PlantSeg/plantsegv3/images/train/apple_black_rot_google_0063.jpg,1,1,9,20
41,/lustre/backup/WUR/WFSR/gaur001/PlantSeg/plantsegv3/images/train/apple_black_rot_google_0064.jpg,1,1,25,9
42,/lustre/backup/WUR/WFSR/gaur001/PlantSeg/plantsegv3/images/val/apple_black_rot_google_0065.jpg,1,1,25,9
43,/lustre/backup/WUR/WFSR/gaur001/PlantSeg/plantsegv3/images/val/apple_black_rot_google_0071.jpg,1,1,0,9
44,/lustre/backup/WUR/WFSR/gaur001/PlantSeg/plantsegv3/images/train/apple_black_rot_google_0072.jpg,1,1,3,9
45,/lustre/backup/WUR/WFSR/gaur001/PlantSeg/plantsegv3/images/train/apple_black_rot_google_0073.jpg,1,1,3,26
46,/lustre/backup/WUR/WFSR/gaur001/PlantSeg/plantsegv3/images/train/apple_black_rot_google_0074.jpg,1,1,3,9
47,/lustre/backup/WUR/WFSR/gaur001/PlantSeg/plantsegv3/images/train/apple_black_rot_google_0078.jpg,1,1,9,9
48,/lustre/backup/WUR/WFSR/gaur001/PlantSeg/plantsegv3/images/train/apple_black_rot_google_0080.jpg,1,1,9,26
49,/lustre/backup/WUR/WFSR/gaur001/PlantSeg/plantsegv3/images/train/apple_black_rot_google_0082.jpg,1,1,9,9
50,/lustre/backup/WUR/WFSR/gaur001/PlantSeg/plantsegv3/images/train/apple_black_rot_google_0085.jpg,1,1,9,31
51,/lustre/backup/WUR/WFSR/gaur001/PlantSeg/plantsegv3/images/train/apple_black_rot_google_0093.jpg,1,1,9,3
52,/lustre/backup/WUR/WFSR/gaur001/PlantSeg/plantsegv3/images/train/apple_black_rot_google_0101.jpg,1,1,3,9
53,/lustre/backup/WUR/WFSR/gaur001/PlantSeg/plantsegv3/images/train/apple_black_rot_google_0112.jpg,1,1,15,9
54,/lustre/backup/WUR/WFSR/gaur001/PlantSeg/plantsegv3/images/train/apple_black_rot_google_0131.jpg,1,1,9,9
55,/lustre/backup/WUR/WFSR/gaur001/PlantSeg/plantsegv3/images/train/apple_black_rot_google_0133.jpg,1,1,9,9
56,/lustre/backup/WUR/WFSR/gaur001/PlantSeg/plantsegv3/images/train/apple_black_rot_google_0136.jpg,1,1,9,9
57,/lustre/backup/WUR/WFSR/gaur001/PlantSeg/plantsegv3/images/train/apple_black_rot_google_0137.jpg,1,1,0,25
58,/lustre/backup/WUR/WFSR/gaur001/PlantSeg/plantsegv3/images/train/apple_black_rot_google_0154.jpg,1,1,1,1
59,/lustre/backup/WUR/WFSR/gaur001/PlantSeg/plantsegv3/images/train/apple_black_rot_google_0155.jpg,1,1,9,9
60,/lustre/backup/WUR/WFSR/gaur001/PlantSeg/plantsegv3/images/train/apple_black_rot_google_0157.jpg,1,1,9,9
61,/lustre/backup/WUR/WFSR/gaur001/PlantSeg/plantsegv3/images/train/apple_black_rot_google_0166.jpg,1,1,3,9
62,/lustre/backup/WUR/WFSR/gaur001/PlantSeg/plantsegv3/images/train/apple_black_rot_google_0174.jpg,1,1,25,3
63,/lustre/backup/WUR/WFSR/gaur001/PlantSeg/plantsegv3/images/val/apple_black_rot_google_0177.jpg,1,1,1,1
64,/lustre/backup/WUR/WFSR/gaur001/PlantSeg/plantsegv3/images/train/apple_black_rot_google_0190.jpg,1,1,25,9
65,/lustre/backup/WUR/WFSR/gaur001/PlantSeg/plantsegv3/images/train/apple_black_rot_google_0221.jpg,1,1,1,20
66,/lustre/backup/WUR/WFSR/gaur001/PlantSeg/plantsegv3/images/train/apple_scab_1.jpg,0,0,29,9
67,/lustre/backup/WUR/WFSR/gaur001/PlantSeg/plantsegv3/images/train/apple_scab_10.jpg,0,0,3,25
68,/lustre/backup/WUR/WFSR/gaur001/PlantSeg/plantsegv3/images/val/apple_scab_11.jpg,0,0,9,9
69,/lustre/backup/WUR/WFSR/gaur001/PlantSeg/plantsegv3/images/train/apple_scab_118.jpg,0,0,28,9
70,/lustre/backup/WUR/WFSR/gaur001/PlantSeg/plantsegv3/images/train/apple_scab_12.jpg,0,0,9,9
71,/lustre/backup/WUR/WFSR/gaur001/PlantSeg/plantsegv3/images/train/apple_scab_13.jpg,0,0,15,15
72,/lustre/backup/WUR/WFSR/gaur001/PlantSeg/plantsegv3/images/train/apple_scab_15.jpg,0,0,25,9
73,/lustre/backup/WUR/WFSR/gaur001/PlantSeg/plantsegv3/images/train/apple_scab_16.jpg,0,0,9,25
74,/lustre/backup/WUR/WFSR/gaur001/PlantSeg/plantsegv3/images/val/apple_scab_17.jpg,0,0,25,25
75,/lustre/backup/WUR/WFSR/gaur001/PlantSeg/plantsegv3/images/train/apple_scab_19.jpg,0,0,3,25
76,/lustre/backup/WUR/WFSR/gaur001/PlantSeg/plantsegv3/images/train/apple_scab_20.jpg,0,0,25,25
77,/lustre/backup/WUR/WFSR/gaur001/PlantSeg/plantsegv3/images/train/apple_scab_21.jpg,0,0,9,9
78,/lustre/backup/WUR/WFSR/gaur001/PlantSeg/plantsegv3/images/train/apple_scab_22.jpg,0,0,9,9
79,/lustre/backup/WUR/WFSR/gaur001/PlantSeg/plantsegv3/images/train/apple_scab_24.jpg,0,0,20,25
80,/lustre/backup/WUR/WFSR/gaur001/PlantSeg/plantsegv3/images/train/apple_scab_27.jpg,0,0,3,25
81,/lustre/backup/WUR/WFSR/gaur001/PlantSeg/plantsegv3/images/train/apple_scab_29.jpg,0,0,31,26
82,/lustre/backup/WUR/WFSR/gaur001/PlantSeg/plantsegv3/images/train/apple_scab_3.jpg,0,0,3,25
83,/lustre/backup/WUR/WFSR/gaur001/PlantSeg/plantsegv3/images/train/apple_scab_30.jpg,0,0,9,25
84,/lustre/backup/WUR/WFSR/gaur001/PlantSeg/plantsegv3/images/train/apple_scab_31.jpg,0,0,9,9
85,/lustre/backup/WUR/WFSR/gaur001/PlantSeg/plantsegv3/images/train/apple_scab_33.jpg,0,0,9,25
86,/lustre/backup/WUR/WFSR/gaur001/PlantSeg/plantsegv3/images/train/apple_scab_34.jpg,0,0,26,9
87,/lustre/backup/WUR/WFSR/gaur001/PlantSeg/plantsegv3/images/train/apple_scab_37.jpg,0,0,9,25
88,/lustre/backup/WUR/WFSR/gaur001/PlantSeg/plantsegv3/images/train/apple_scab_38.jpg,0,0,9,9
89,/lustre/backup/WUR/WFSR/gaur001/PlantSeg/plantsegv3/images/train/apple_scab_39.jpg,0,0,9,25
90,/lustre/backup/WUR/WFSR/gaur001/PlantSeg/plantsegv3/images/train/apple_scab_4.jpg,0,0,9,25
91,/lustre/backup/WUR/WFSR/gaur001/PlantSeg/plantsegv3/images/train/apple_scab_40.jpg,0,0,8,9
92,/lustre/backup/WUR/WFSR/gaur001/PlantSeg/plantsegv3/images/train/apple_scab_44.jpg,0,0,9,9
93,/lustre/backup/WUR/WFSR/gaur001/PlantSeg/plantsegv3/images/val/apple_scab_45.jpg,0,0,9,9
94,/lustre/backup/WUR/WFSR/gaur001/PlantSeg/plantsegv3/images/train/apple_scab_46.jpg,0,0,9,9
95,/lustre/backup/WUR/WFSR/gaur001/PlantSeg/plantsegv3/images/train/apple_scab_47.jpg,0,0,9,9
96,/lustre/backup/WUR/WFSR/gaur001/PlantSeg/plantsegv3/images/train/apple_scab_48.jpg,0,0,9,9
97,/lustre/backup/WUR/WFSR/gaur001/PlantSeg/plantsegv3/images/train/apple_scab_49.jpg,0,0,3,25
98,/lustre/backup/WUR/WFSR/gaur001/PlantSeg/plantsegv3/images/val/apple_scab_5.jpg,0,0,9,25
99,/lustre/backup/WUR/WFSR/gaur001/PlantSeg/plantsegv3/images/train/apple_scab_52.jpg,0,0,9,9
100,/lustre/backup/WUR/WFSR/gaur001/PlantSeg/plantsegv3/images/train/apple_scab_53.jpg,0,0,18,9
101,/lustre/backup/WUR/WFSR/gaur001/PlantSeg/plantsegv3/images/train/apple_scab_54.jpg,0,0,9,9
102,/lustre/backup/WUR/WFSR/gaur001/PlantSeg/plantsegv3/images/train/apple_scab_56.jpg,0,0,0,3
103,/lustre/backup/WUR/WFSR/gaur001/PlantSeg/plantsegv3/images/train/apple_scab_57.jpg,0,0,9,9
104,/lustre/backup/WUR/WFSR/gaur001/PlantSeg/plantsegv3/images/train/apple_scab_59.jpg,0,0,3,25
105,/lustre/backup/WUR/WFSR/gaur001/PlantSeg/plantsegv3/images/train/apple_scab_6.jpg,0,0,25,9
106,/lustre/backup/WUR/WFSR/gaur001/PlantSeg/plantsegv3/images/train/apple_scab_60.jpg,0,0,20,9
107,/lustre/backup/WUR/WFSR/gaur001/PlantSeg/plantsegv3/images/train/apple_scab_61.jpg,0,0,9,9
108,/lustre/backup/WUR/WFSR/gaur001/PlantSeg/plantsegv3/images/train/apple_scab_62.jpg,0,0,3,9
109,/lustre/backup/WUR/WFSR/gaur001/PlantSeg/plantsegv3/images/train/apple_scab_63.jpg,0,0,9,25
110,/lustre/backup/WUR/WFSR/gaur001/PlantSeg/plantsegv3/images/train/apple_scab_64.jpg,0,0,9,9
111,/lustre/backup/WUR/WFSR/gaur001/PlantSeg/plantsegv3/images/train/apple_scab_65.jpg,0,0,3,9
112,/lustre/backup/WUR/WFSR/gaur001/PlantSeg/plantsegv3/images/train/apple_scab_68.jpg,0,0,9,9
113,/lustre/backup/WUR/WFSR/gaur001/PlantSeg/plantsegv3/images/train/apple_scab_69.jpg,0,0,9,9
114,/lustre/backup/WUR/WFSR/gaur001/PlantSeg/plantsegv3/images/train/apple_scab_71.jpg,0,0,9,25
115,/lustre/backup/WUR/WFSR/gaur001/PlantSeg/plantsegv3/images/train/apple_scab_72.jpg,0,0,9,9
116,/lustre/backup/WUR/WFSR/gaur001/PlantSeg/plantsegv3/images/train/apple_scab_73.jpg,0,0,3,9
117,/lustre/backup/WUR/WFSR/gaur001/PlantSeg/plantsegv3/images/train/apple_scab_74.jpg,0,0,9,25
118,/lustre/backup/WUR/WFSR/gaur001/PlantSeg/plantsegv3/images/train/apple_scab_76.jpg,0,0,25,9
119,/lustre/backup/WUR/WFSR/gaur001/PlantSeg/plantsegv3/images/train/apple_scab_80.jpg,0,0,26,25
120,/lustre/backup/WUR/WFSR/gaur001/PlantSeg/plantsegv3/images/train/apple_scab_82.jpg,0,0,9,9
121,/lustre/backup/WUR/WFSR/gaur001/PlantSeg/plantsegv3/images/train/apple_scab_86.jpg,0,0,25,9
122,/lustre/backup/WUR/WFSR/gaur001/PlantSeg/plantsegv3/images/train/apple_scab_9.jpg,0,0,25,25
123,/lustre/backup/WUR/WFSR/gaur001/PlantSeg/plantsegv3/images/train/apple_scab_92.jpg,0,0,9,9
124,/lustre/backup/WUR/WFSR/gaur001/PlantSeg/plantsegv3/images/train/apple_scab_95.jpg,0,0,9,25
125,/lustre/backup/WUR/WFSR/gaur001/PlantSeg/plantsegv3/images/train/apple_scab_97.jpg,0,0,20,20
126,/lustre/backup/WUR/WFSR/gaur001/PlantSeg/plantsegv3/images/train/apple_scab_google_0001.jpg,0,0,9,9
127,/lustre/backup/WUR/WFSR/gaur001/PlantSeg/plantsegv3/images/train/apple_scab_google_0002.jpg,0,0,31,26
128,/lustre/backup/WUR/WFSR/gaur001/PlantSeg/plantsegv3/images/train/apple_scab_google_0006.jpg,0,0,11,9
129,/lustre/backup/WUR/WFSR/gaur001/PlantSeg/plantsegv3/images/train/apple_scab_google_0007.jpg,0,0,20,9
130,/lustre/backup/WUR/WFSR/gaur001/PlantSeg/plantsegv3/images/train/apple_scab_google_0008.jpg,0,0,25,20
131,/lustre/backup/WUR/WFSR/gaur001/PlantSeg/plantsegv3/images/train/apple_scab_google_0009.jpg,0,0,9,26
132,/lustre/backup/WUR/WFSR/gaur001/PlantSeg/plantsegv3/images/val/apple_scab_google_0011.jpg,0,0,26,9
133,/lustre/backup/WUR/WFSR/gaur001/PlantSeg/plantsegv3/images/train/apple_scab_google_0012.jpg,0,0,26,9
134,/lustre/backup/WUR/WFSR/gaur001/PlantSeg/plantsegv3/images/train/apple_scab_google_0013.jpg,0,0,9,20
135,/lustre/backup/WUR/WFSR/gaur001/PlantSeg/plantsegv3/images/train/apple_scab_google_0014.jpg,0,0,25,9
136,/lustre/backup/WUR/WFSR/gaur001/PlantSeg/plantsegv3/images/train/apple_scab_google_0015.jpg,0,0,9,25
137,/lustre/backup/WUR/WFSR/gaur001/PlantSeg/plantsegv3/images/train/apple_scab_google_0016.jpg,0,0,9,9
138,/lustre/backup/WUR/WFSR/gaur001/PlantSeg/plantsegv3/images/train/apple_scab_google_0019.jpg,0,0,3,9
139,/lustre/backup/WUR/WFSR/gaur001/PlantSeg/plantsegv3/images/train/apple_scab_google_0021.jpg,0,0,15,9
140,/lustre/backup/WUR/WFSR/gaur001/PlantSeg/plantsegv3/images/train/apple_scab_google_0024.jpg,0,0,9,9
141,/lustre/backup/WUR/WFSR/gaur001/PlantSeg/plantsegv3/images/train/apple_scab_google_0028.jpg,0,0,9,9
142,/lustre/backup/WUR/WFSR/gaur001/PlantSeg/plantsegv3/images/val/apple_scab_google_0029.jpg,0,0,9,9
143,/lustre/backup/WUR/WFSR/gaur001/PlantSeg/plantsegv3/images/train/apple_scab_google_0030.jpg,0,0,9,9
144,/lustre/backup/WUR/WFSR/gaur001/PlantSeg/plantsegv3/images/val/apple_scab_google_0032.jpg,0,0,25,9
145,/lustre/backup/WUR/WFSR/gaur001/PlantSeg/plantsegv3/images/train/apple_scab_google_0034.jpg,0,0,11,25
146,/lustre/backup/WUR/WFSR/gaur001/PlantSeg/plantsegv3/images/train/apple_scab_google_0035.jpg,0,0,9,9
147,/lustre/backup/WUR/WFSR/gaur001/PlantSeg/plantsegv3/images/train/apple_scab_google_0038.jpg,0,0,1,9
148,/lustre/backup/WUR/WFSR/gaur001/PlantSeg/plantsegv3/images/train/apple_scab_google_0039.jpg,0,0,9,9
149,/lustre/backup/WUR/WFSR/gaur001/PlantSeg/plantsegv3/images/val/apple_scab_google_0041.jpg,0,0,3,9
150,/lustre/backup/WUR/WFSR/gaur001/PlantSeg/plantsegv3/images/train/apple_scab_google_0043.jpg,0,0,9,9
151,/lustre/backup/WUR/WFSR/gaur001/PlantSeg/plantsegv3/images/val/apple_scab_google_0046.jpg,0,0,9,9
152,/lustre/backup/WUR/WFSR/gaur001/PlantSeg/plantsegv3/images/train/apple_scab_google_0049.jpg,0,0,9,9
153,/lustre/backup/WUR/WFSR/gaur001/PlantSeg/plantsegv3/images/val/apple_scab_google_0050.jpg,0,0,25,25
154,/lustre/backup/WUR/WFSR/gaur001/PlantSeg/plantsegv3/images/val/apple_scab_google_0053.jpg,0,0,9,3
155,/lustre/backup/WUR/WFSR/gaur001/PlantSeg/plantsegv3/images/train/apple_scab_google_0055.jpg,0,0,9,9
156,/lustre/backup/WUR/WFSR/gaur001/PlantSeg/plantsegv3/images/train/apple_scab_google_0057.jpg,0,0,20,9
157,/lustre/backup/WUR/WFSR/gaur001/PlantSeg/plantsegv3/images/train/apple_scab_google_0058.jpg,0,0,9,9
158,/lustre/backup/WUR/WFSR/gaur001/PlantSeg/plantsegv3/images/train/apple_scab_google_0059.jpg,0,0,9,26
159,/lustre/backup/WUR/WFSR/gaur001/PlantSeg/plantsegv3/images/train/apple_scab_google_0060.jpg,0,0,26,9
160,/lustre/backup/WUR/WFSR/gaur001/PlantSeg/plantsegv3/images/train/apple_scab_google_0062.jpg,0,0,3,9
161,/lustre/backup/WUR/WFSR/gaur001/PlantSeg/plantsegv3/images/train/apple_scab_google_0064.jpg,0,0,20,25
162,/lustre/backup/WUR/WFSR/gaur001/PlantSeg/plantsegv3/images/train/apple_scab_google_0067.jpg,0,0,9,9
163,/lustre/backup/WUR/WFSR/gaur001/PlantSeg/plantsegv3/images/train/apple_scab_google_0068.jpg,0,0,9,9
164,/lustre/backup/WUR/WFSR/gaur001/PlantSeg/plantsegv3/images/val/apple_scab_google_0069.jpg,0,0,16,9
165,/lustre/backup/WUR/WFSR/gaur001/PlantSeg/plantsegv3/images/train/apple_scab_google_0071.jpg,0,0,31,9
166,/lustre/backup/WUR/WFSR/gaur001/PlantSeg/plantsegv3/images/train/apple_scab_google_0072.jpg,0,0,26,9
167,/lustre/backup/WUR/WFSR/gaur001/PlantSeg/plantsegv3/images/train/apple_scab_google_0073.jpg,0,0,1,9
168,/lustre/backup/WUR/WFSR/gaur001/PlantSeg/plantsegv3/images/train/apple_scab_google_0074.jpg,0,0,9,9
169,/lustre/backup/WUR/WFSR/gaur001/PlantSeg/plantsegv3/images/train/apple_scab_google_0075.jpg,0,0,9,20
170,/lustre/backup/WUR/WFSR/gaur001/PlantSeg/plantsegv3/images/val/apple_scab_google_0078.jpg,0,0,31,20
171,/lustre/backup/WUR/WFSR/gaur001/PlantSeg/plantsegv3/images/train/apple_scab_google_0082.jpg,0,0,9,20
172,/lustre/backup/WUR/WFSR/gaur001/PlantSeg/plantsegv3/images/train/apple_scab_google_0084.jpg,0,0,0,25
173,/lustre/backup/WUR/WFSR/gaur001/PlantSeg/plantsegv3/images/train/apple_scab_google_0086.jpg,0,0,20,9
174,/lustre/backup/WUR/WFSR/gaur001/PlantSeg/plantsegv3/images/train/apple_scab_google_0092.jpg,0,0,9,9
175,/lustre/backup/WUR/WFSR/gaur001/PlantSeg/plantsegv3/images/train/apple_scab_google_0095.jpg,0,0,3,9
176,/lustre/backup/WUR/WFSR/gaur001/PlantSeg/plantsegv3/images/train/apple_scab_google_0097.jpg,0,0,3,9
177,/lustre/backup/WUR/WFSR/gaur001/PlantSeg/plantsegv3/images/train/apple_scab_google_0098.jpg,0,0,3,9
178,/lustre/backup/WUR/WFSR/gaur001/PlantSeg/plantsegv3/images/train/apple_scab_google_0099.jpg,0,0,9,9
179,/lustre/backup/WUR/WFSR/gaur001/PlantSeg/plantsegv3/images/val/apple_scab_google_0103.jpg,0,0,26,9
180,/lustre/backup/WUR/WFSR/gaur001/PlantSeg/plantsegv3/images/train/apple_scab_google_0104.jpg,0,0,9,9
181,/lustre/backup/WUR/WFSR/gaur001/PlantSeg/plantsegv3/images/train/apple_scab_google_0105.jpg,0,0,9,9
182,/lustre/backup/WUR/WFSR/gaur001/PlantSeg/plantsegv3/images/train/apple_scab_google_0108.jpg,0,0,9,21
183,/lustre/backup/WUR/WFSR/gaur001/PlantSeg/plantsegv3/images/train/apple_scab_google_0109.jpg,0,0,20,20
184,/lustre/backup/WUR/WFSR/gaur001/PlantSeg/plantsegv3/images/train/apple_scab_google_0110.jpg,0,0,0,9
185,/lustre/backup/WUR/WFSR/gaur001/PlantSeg/plantsegv3/images/train/apple_scab_google_0111.jpg,0,0,25,25
186,/lustre/backup/WUR/WFSR/gaur001/PlantSeg/plantsegv3/images/train/apple_scab_google_0113.jpg,0,0,26,9
187,/lustre/backup/WUR/WFSR/gaur001/PlantSeg/plantsegv3/images/train/apple_scab_google_0114.jpg,0,0,31,25
188,/lustre/backup/WUR/WFSR/gaur001/PlantSeg/plantsegv3/images/train/apple_scab_google_0115.jpg,0,0,20,25
189,/lustre/backup/WUR/WFSR/gaur001/PlantSeg/plantsegv3/images/train/apple_scab_google_0117.jpg,0,0,9,9
190,/lustre/backup/WUR/WFSR/gaur001/PlantSeg/plantsegv3/images/train/apple_scab_google_0118.jpg,0,0,3,25
191,/lustre/backup/WUR/WFSR/gaur001/PlantSeg/plantsegv3/images/val/apple_scab_google_0122.jpg,0,0,9,9
192,/lustre/backup/WUR/WFSR/gaur001/PlantSeg/plantsegv3/images/train/apple_scab_google_0125.jpg,0,0,11,9
193,/lustre/backup/WUR/WFSR/gaur001/PlantSeg/plantsegv3/images/train/apple_scab_google_0129.jpg,0,0,25,9
194,/lustre/backup/WUR/WFSR/gaur001/PlantSeg/plantsegv3/images/train/apple_scab_google_0133.jpg,0,0,9,9
195,/lustre/backup/WUR/WFSR/gaur001/PlantSeg/plantsegv3/images/train/apple_scab_google_0134.jpg,0,0,9,9
196,/lustre/backup/WUR/WFSR/gaur001/PlantSeg/plantsegv3/images/train/apple_scab_google_0135.jpg,0,0,9,26
197,/lustre/backup/WUR/WFSR/gaur001/PlantSeg/plantsegv3/images/train/apple_scab_google_0137.jpg,0,0,3,25
198,/lustre/backup/WUR/WFSR/gaur001/PlantSeg/plantsegv3/images/train/apple_scab_google_0139.jpg,0,0,9,9
199,/lustre/backup/WUR/WFSR/gaur001/PlantSeg/plantsegv3/images/train/apple_scab_google_0140.jpg,0,0,25,9
200,/lustre/backup/WUR/WFSR/gaur001/PlantSeg/plantsegv3/images/train/apple_scab_google_0142.jpg,0,0,25,9
201,/lustre/backup/WUR/WFSR/gaur001/PlantSeg/plantsegv3/images/train/apple_scab_google_0143.jpg,0,0,9,9
202,/lustre/backup/WUR/WFSR/gaur001/PlantSeg/plantsegv3/images/val/apple_scab_google_0144.jpg,0,0,25,9
203,/lustre/backup/WUR/WFSR/gaur001/PlantSeg/plantsegv3/images/train/apple_scab_google_0147.jpg,0,0,9,9
204,/lustre/backup/WUR/WFSR/gaur001/PlantSeg/plantsegv3/images/train/apple_scab_google_0152.jpg,0,0,25,25
205,/lustre/backup/WUR/WFSR/gaur001/PlantSeg/plantsegv3/images/train/apple_scab_google_0154.jpg,0,0,25,9
206,/lustre/backup/WUR/WFSR/gaur001/PlantSeg/plantsegv3/images/train/apple_scab_google_0155.jpg,0,0,9,9
207,/lustre/backup/WUR/WFSR/gaur001/PlantSeg/plantsegv3/images/train/apple_scab_google_0156.jpg,0,0,25,25
208,/lustre/backup/WUR/WFSR/gaur001/PlantSeg/plantsegv3/images/train/apple_scab_google_0157.jpg,0,0,9,9
209,/lustre/backup/WUR/WFSR/gaur001/PlantSeg/plantsegv3/images/train/apple_scab_google_0158.jpg,0,0,9,9
210,/lustre/backup/WUR/WFSR/gaur001/PlantSeg/plantsegv3/images/train/apple_scab_google_0163.jpg,0,0,9,9
211,/lustre/backup/WUR/WFSR/gaur001/PlantSeg/plantsegv3/images/val/apple_scab_google_0165.jpg,0,0,25,9
212,/lustre/backup/WUR/WFSR/gaur001/PlantSeg/plantsegv3/images/train/apple_scab_google_0167.jpg,0,0,20,20
213,/lustre/backup/WUR/WFSR/gaur001/PlantSeg/plantsegv3/images/train/apple_scab_google_0174.jpg,0,0,20,25
214,/lustre/backup/WUR/WFSR/gaur001/PlantSeg/plantsegv3/images/train/apple_scab_google_0177.jpg,0,0,9,25
215,/lustre/backup/WUR/WFSR/gaur001/PlantSeg/plantsegv3/images/train/apple_scab_google_0178.jpg,0,0,9,25
216,/lustre/backup/WUR/WFSR/gaur001/PlantSeg/plantsegv3/images/train/apple_scab_google_0184.jpg,0,0,20,20
217,/lustre/backup/WUR/WFSR/gaur001/PlantSeg/plantsegv3/images/train/apple_scab_google_0187.jpg,0,0,3,9
218,/lustre/backup/WUR/WFSR/gaur001/PlantSeg/plantsegv3/images/train/apple_scab_google_0188.jpg,0,0,25,9
219,/lustre/backup/WUR/WFSR/gaur001/PlantSeg/plantsegv3/images/train/apple_scab_google_0189.jpg,0,0,9,25
220,/lustre/backup/WUR/WFSR/gaur001/PlantSeg/plantsegv3/images/val/apple_scab_google_0190.jpg,0,0,25,25
221,/lustre/backup/WUR/WFSR/gaur001/PlantSeg/plantsegv3/images/train/apple_scab_google_0191.jpg,0,0,9,9
222,/lustre/backup/WUR/WFSR/gaur001/PlantSeg/plantsegv3/images/val/apple_scab_google_0192.jpg,0,0,29,31
223,/lustre/backup/WUR/WFSR/gaur001/PlantSeg/plantsegv3/images/train/apple_scab_google_0193.jpg,0,0,25,9
224,/lustre/backup/WUR/WFSR/gaur001/PlantSeg/plantsegv3/images/train/apple_scab_google_0194.jpg,0,0,9,9
225,/lustre/backup/WUR/WFSR/gaur001/PlantSeg/plantsegv3/images/train/apple_scab_google_0195.jpg,0,0,3,20
226,/lustre/backup/WUR/WFSR/gaur001/PlantSeg/plantsegv3/images/val/apple_scab_google_0196.jpg,0,0,9,9
227,/lustre/backup/WUR/WFSR/gaur001/PlantSeg/plantsegv3/images/train/apple_scab_google_0199.jpg,0,0,9,9
228,/lustre/backup/WUR/WFSR/gaur001/PlantSeg/plantsegv3/images/train/apple_scab_google_0201.jpg,0,0,20,20
229,/lustre/backup/WUR/WFSR/gaur001/PlantSeg/plantsegv3/images/train/apple_scab_google_0204.jpg,0,0,9,25
230,/lustre/backup/WUR/WFSR/gaur001/PlantSeg/plantsegv3/images/train/apple_scab_google_0205.jpg,0,0,9,9
231,/lustre/backup/WUR/WFSR/gaur001/PlantSeg/plantsegv3/images/train/apple_scab_google_0206.jpg,0,0,9,26
232,/lustre/backup/WUR/WFSR/gaur001/PlantSeg/plantsegv3/images/train/apple_scab_google_0207.jpg,0,0,9,9
233,/lustre/backup/WUR/WFSR/gaur001/PlantSeg/plantsegv3/images/train/apple_scab_google_0208.jpg,0,0,9,1
234,/lustre/backup/WUR/WFSR/gaur001/PlantSeg/plantsegv3/images/train/apple_scab_google_0209.jpg,0,0,25,25
235,/lustre/backup/WUR/WFSR/gaur001/PlantSeg/plantsegv3/images/train/apple_scab_google_0212.jpg,0,0,31,9
236,/lustre/backup/WUR/WFSR/gaur001/PlantSeg/plantsegv3/images/train/apple_scab_google_0216.jpg,0,0,9,25
237,/lustre/backup/WUR/WFSR/gaur001/PlantSeg/plantsegv3/images/val/apple_scab_google_0219.jpg,0,0,25,9
238,/lustre/backup/WUR/WFSR/gaur001/PlantSeg/plantsegv3/images/train/apple_scab_google_0223.jpg,0,0,20,25
239,/lustre/backup/WUR/WFSR/gaur001/PlantSeg/plantsegv3/images/train/apple_scab_google_0224.jpg,0,0,9,9
240,/lustre/backup/WUR/WFSR/gaur001/PlantSeg/plantsegv3/images/val/apple_scab_google_0236.jpg,0,0,3,25
241,/lustre/backup/WUR/WFSR/gaur001/PlantSeg/plantsegv3/images/train/apple_scab_google_0240.jpg,0,0,25,9
242,/lustre/backup/WUR/WFSR/gaur001/PlantSeg/plantsegv3/images/train/apple_scab_google_0251.jpg,0,0,9,25
243,/lustre/backup/WUR/WFSR/gaur001/PlantSeg/plantsegv3/images/val/apple_scab_google_0253.jpg,0,0,9,9
244,/lustre/backup/WUR/WFSR/gaur001/PlantSeg/plantsegv3/images/train/apple_scab_google_0254.jpg,0,0,3,9
245,/lustre/backup/WUR/WFSR/gaur001/PlantSeg/plantsegv3/images/train/apple_scab_google_0259.jpg,0,0,3,25
246,/lustre/backup/WUR/WFSR/gaur001/PlantSeg/plantsegv3/images/val/apple_scab_google_0264.jpg,0,0,25,25
247,/lustre/backup/WUR/WFSR/gaur001/PlantSeg/plantsegv3/images/train/apple_scab_google_0272.jpg,0,0,9,9
248,/lustre/backup/WUR/WFSR/gaur001/PlantSeg/plantsegv3/images/train/apple_scab_google_0274.jpg,0,0,9,9
249,/lustre/backup/WUR/WFSR/gaur001/PlantSeg/plantsegv3/images/train/apple_scab_google_0281.jpg,0,0,26,9
250,/lustre/backup/WUR/WFSR/gaur001/PlantSeg/plantsegv3/images/train/apple_scab_google_0285.jpg,0,0,26,25
251,/lustre/backup/WUR/WFSR/gaur001/PlantSeg/plantsegv3/images/train/apple_scab_google_0289.jpg,0,0,16,20
252,/lustre/backup/WUR/WFSR/gaur001/PlantSeg/plantsegv3/images/train/apple_scab_google_0291.jpg,0,0,11,25
253,/lustre/backup/WUR/WFSR/gaur001/PlantSeg/plantsegv3/images/val/apple_scab_google_0295.jpg,0,0,9,9
254,/lustre/backup/WUR/WFSR/gaur001/PlantSeg/plantsegv3/images/train/apple_scab_google_0296.jpg,0,0,20,9
255,/lustre/backup/WUR/WFSR/gaur001/PlantSeg/plantsegv3/images/val/apple_scab_google_0298.jpg,0,0,9,9
256,/lustre/backup/WUR/WFSR/gaur001/PlantSeg/plantsegv3/images/train/apple_scab_google_0301.jpg,0,0,26,9
257,/lustre/backup/WUR/WFSR/gaur001/PlantSeg/plantsegv3/images/train/apple_scab_google_0302.jpg,0,0,28,9
258,/lustre/backup/WUR/WFSR/gaur001/PlantSeg/plantsegv3/images/train/apple_scab_google_0304.jpg,0,0,9,9
259,/lustre/backup/WUR/WFSR/gaur001/PlantSeg/plantsegv3/images/val/apple_scab_google_0306.jpg,0,0,0,31
260,/lustre/backup/WUR/WFSR/gaur001/PlantSeg/plantsegv3/images/train/apple_scab_google_0310.jpg,0,0,9,9
261,/lustre/backup/WUR/WFSR/gaur001/PlantSeg/plantsegv3/images/train/apple_scab_google_0312.jpg,0,0,25,9
262,/lustre/backup/WUR/WFSR/gaur001/PlantSeg/plantsegv3/images/train/apple_scab_google_0315.jpg,0,0,20,20
263,/lustre/backup/WUR/WFSR/gaur001/PlantSeg/plantsegv3/images/train/apple_scab_google_0316.jpg,0,0,9,25
264,/lustre/backup/WUR/WFSR/gaur001/PlantSeg/plantsegv3/images/train/apple_scab_google_0317.jpg,0,0,0,9
265,/lustre/backup/WUR/WFSR/gaur001/PlantSeg/plantsegv3/images/train/apple_scab_google_0318.jpg,0,0,3,25
266,/lustre/backup/WUR/WFSR/gaur001/PlantSeg/plantsegv3/images/train/apple_scab_google_0319.jpg,0,0,9,9
267,/lustre/backup/WUR/WFSR/gaur001/PlantSeg/plantsegv3/images/train/apple_scab_google_0325.jpg,0,0,0,9
268,/lustre/backup/WUR/WFSR/gaur001/PlantSeg/plantsegv3/images/train/apple_scab_google_0330.jpg,0,0,29,9
269,/lustre/backup/WUR/WFSR/gaur001/PlantSeg/plantsegv3/images/train/apple_scab_google_0332.jpg,0,0,9,9
270,/lustre/backup/WUR/WFSR/gaur001/PlantSeg/plantsegv3/images/train/apple_scab_google_0333.jpg,0,0,16,9
271,/lustre/backup/WUR/WFSR/gaur001/PlantSeg/plantsegv3/images/train/apple_scab_google_0334.jpg,0,0,25,9
272,/lustre/backup/WUR/WFSR/gaur001/PlantSeg/plantsegv3/images/train/bell_pepper_bacterial_spot_Bing_0000.jpg,18,18,20,9
273,/lustre/backup/WUR/WFSR/gaur001/PlantSeg/plantsegv3/images/train/bell_pepper_bacterial_spot_Bing_0001.jpg,18,18,25,9
274,/lustre/backup/WUR/WFSR/gaur001/PlantSeg/plantsegv3/images/train/bell_pepper_bacterial_spot_Bing_0004.jpg,18,18,18,9
275,/lustre/backup/WUR/WFSR/gaur001/PlantSeg/plantsegv3/images/train/bell_pepper_bacterial_spot_Bing_0006.jpg,18,18,18,9
276,/lustre/backup/WUR/WFSR/gaur001/PlantSeg/plantsegv3/images/train/bell_pepper_bacterial_spot_Bing_0009.jpg,18,18,9,9
277,/lustre/backup/WUR/WFSR/gaur001/PlantSeg/plantsegv3/images/train/bell_pepper_bacterial_spot_Bing_0010.jpg,18,18,9,9
278,/lustre/backup/WUR/WFSR/gaur001/PlantSeg/plantsegv3/images/train/bell_pepper_bacterial_spot_Bing_0012.jpg,18,18,19,9
279,/lustre/backup/WUR/WFSR/gaur001/PlantSeg/plantsegv3/images/val/bell_pepper_bacterial_spot_Bing_0013.jpg,18,18,18,9
280,/lustre/backup/WUR/WFSR/gaur001/PlantSeg/plantsegv3/images/train/bell_pepper_bacterial_spot_Bing_0020.jpg,18,18,3,9
281,/lustre/backup/WUR/WFSR/gaur001/PlantSeg/plantsegv3/images/val/bell_pepper_bacterial_spot_Bing_0027.jpg,18,18,25,25
282,/lustre/backup/WUR/WFSR/gaur001/PlantSeg/plantsegv3/images/train/bell_pepper_bacterial_spot_Bing_0029.jpg,18,18,25,9
283,/lustre/backup/WUR/WFSR/gaur001/PlantSeg/plantsegv3/images/val/bell_pepper_bacterial_spot_Bing_0031.jpg,18,18,18,28
284,/lustre/backup/WUR/WFSR/gaur001/PlantSeg/plantsegv3/images/train/bell_pepper_bacterial_spot_Bing_0042.jpg,18,18,9,9
285,/lustre/backup/WUR/WFSR/gaur001/PlantSeg/plantsegv3/images/train/bell_pepper_bacterial_spot_Bing_0044.jpg,18,18,18,9
286,/lustre/backup/WUR/WFSR/gaur001/PlantSeg/plantsegv3/images/train/bell_pepper_bacterial_spot_Bing_0045.jpg,18,18,18,9
287,/lustre/backup/WUR/WFSR/gaur001/PlantSeg/plantsegv3/images/train/bell_pepper_bacterial_spot_Bing_0046.jpg,18,18,25,31
288,/lustre/backup/WUR/WFSR/gaur001/PlantSeg/plantsegv3/images/train/bell_pepper_bacterial_spot_Bing_0047.jpg,18,18,18,26
289,/lustre/backup/WUR/WFSR/gaur001/PlantSeg/plantsegv3/images/train/bell_pepper_bacterial_spot_Bing_0049.jpg,18,18,9,9
290,/lustre/backup/WUR/WFSR/gaur001/PlantSeg/plantsegv3/images/train/bell_pepper_bacterial_spot_Bing_0052.jpg,18,18,8,9
291,/lustre/backup/WUR/WFSR/gaur001/PlantSeg/plantsegv3/images/train/bell_pepper_bacterial_spot_Bing_0053.jpg,18,18,9,9
292,/lustre/backup/WUR/WFSR/gaur001/PlantSeg/plantsegv3/images/train/bell_pepper_bacterial_spot_Bing_0056.jpg,18,18,9,9
293,/lustre/backup/WUR/WFSR/gaur001/PlantSeg/plantsegv3/images/train/bell_pepper_bacterial_spot_Bing_0060.jpg,18,18,18,9
294,/lustre/backup/WUR/WFSR/gaur001/PlantSeg/plantsegv3/images/train/bell_pepper_bacterial_spot_Bing_0062.jpg,18,18,20,9
295,/lustre/backup/WUR/WFSR/gaur001/PlantSeg/plantsegv3/images/val/bell_pepper_bacterial_spot_Bing_0063.jpg,18,18,18,9
296,/lustre/backup/WUR/WFSR/gaur001/PlantSeg/plantsegv3/images/train/bell_pepper_bacterial_spot_Bing_0065.jpg,18,18,18,25
297,/lustre/backup/WUR/WFSR/gaur001/PlantSeg/plantsegv3/images/train/bell_pepper_bacterial_spot_Bing_0067.jpg,18,18,9,9
298,/lustre/backup/WUR/WFSR/gaur001/PlantSeg/plantsegv3/images/train/bell_pepper_bacterial_spot_Bing_0068.jpg,18,18,25,25
299,/lustre/backup/WUR/WFSR/gaur001/PlantSeg/plantsegv3/images/train/bell_pepper_bacterial_spot_Bing_0069.jpg,18,18,18,9
300,/lustre/backup/WUR/WFSR/gaur001/PlantSeg/plantsegv3/images/train/bell_pepper_bacterial_spot_Bing_0072.jpg,18,18,18,9
301,/lustre/backup/WUR/WFSR/gaur001/PlantSeg/plantsegv3/images/train/bell_pepper_bacterial_spot_Bing_0084.jpg,18,18,9,9
302,/lustre/backup/WUR/WFSR/gaur001/PlantSeg/plantsegv3/images/train/bell_pepper_bacterial_spot_Bing_0085.jpg,18,18,9,9
303,/lustre/backup/WUR/WFSR/gaur001/PlantSeg/plantsegv3/images/train/bell_pepper_bacterial_spot_Bing_0097.jpg,18,18,19,31
304,/lustre/backup/WUR/WFSR/gaur001/PlantSeg/plantsegv3/images/train/bell_pepper_bacterial_spot_Bing_0098.jpg,18,18,9,9
305,/lustre/backup/WUR/WFSR/gaur001/PlantSeg/plantsegv3/images/train/bell_pepper_bacterial_spot_Bing_0107.jpg,18,18,26,9
306,/lustre/backup/WUR/WFSR/gaur001/PlantSeg/plantsegv3/images/train/bell_pepper_bacterial_spot_Bing_0108.jpg,18,18,18,9
307,/lustre/backup/WUR/WFSR/gaur001/PlantSeg/plantsegv3/images/val/bell_pepper_bacterial_spot_Bing_0110.jpg,18,18,18,25
308,/lustre/backup/WUR/WFSR/gaur001/PlantSeg/plantsegv3/images/train/bell_pepper_bacterial_spot_Bing_0112.jpg,18,18,9,9
309,/lustre/backup/WUR/WFSR/gaur001/PlantSeg/plantsegv3/images/train/bell_pepper_bacterial_spot_Bing_0113.jpg,18,18,9,15
310,/lustre/backup/WUR/WFSR/gaur001/PlantSeg/plantsegv3/images/train/bell_pepper_bacterial_spot_Bing_0125.jpg,18,18,20,9
311,/lustre/backup/WUR/WFSR/gaur001/PlantSeg/plantsegv3/images/train/bell_pepper_bacterial_spot_Bing_0142.jpg,18,18,9,9
312,/lustre/backup/WUR/WFSR/gaur001/PlantSeg/plantsegv3/images/train/bell_pepper_bacterial_spot_Bing_0144.jpg,18,18,15,9
313,/lustre/backup/WUR/WFSR/gaur001/PlantSeg/plantsegv3/images/train/bell_pepper_bacterial_spot_Bing_0148.jpg,18,18,9,15
314,/lustre/backup/WUR/WFSR/gaur001/PlantSeg/plantsegv3/images/train/bell_pepper_bacterial_spot_Bing_0153.jpg,18,18,3,19
315,/lustre/backup/WUR/WFSR/gaur001/PlantSeg/plantsegv3/images/train/bell_pepper_bacterial_spot_Bing_0156.jpg,18,18,32,25
316,/lustre/backup/WUR/WFSR/gaur001/PlantSeg/plantsegv3/images/train/bell_pepper_bacterial_spot_Bing_0159.jpg,18,18,9,9
317,/lustre/backup/WUR/WFSR/gaur001/PlantSeg/plantsegv3/images/train/bell_pepper_bacterial_spot_Bing_0161.jpg,18,18,9,25
318,/lustre/backup/WUR/WFSR/gaur001/PlantSeg/plantsegv3/images/train/bell_pepper_bacterial_spot_Bing_0174.jpg,18,18,18,26
319,/lustre/backup/WUR/WFSR/gaur001/PlantSeg/plantsegv3/images/train/bell_pepper_bacterial_spot_Bing_0221.jpg,18,18,9,9
320,/lustre/backup/WUR/WFSR/gaur001/PlantSeg/plantsegv3/images/val/bell_pepper_bacterial_spot_Bing_0227.jpg,18,18,3,9
321,/lustre/backup/WUR/WFSR/gaur001/PlantSeg/plantsegv3/images/train/bell_pepper_bacterial_spot_Google_0000.jpg,18,18,20,9
322,/lustre/backup/WUR/WFSR/gaur001/PlantSeg/plantsegv3/images/train/bell_pepper_bacterial_spot_Google_0004.jpg,18,18,18,9
323,/lustre/backup/WUR/WFSR/gaur001/PlantSeg/plantsegv3/images/train/bell_pepper_bacterial_spot_Google_0008.jpg,18,18,18,9
324,/lustre/backup/WUR/WFSR/gaur001/PlantSeg/plantsegv3/images/train/bell_pepper_bacterial_spot_Google_0022.jpg,18,18,9,9
325,/lustre/backup/WUR/WFSR/gaur001/PlantSeg/plantsegv3/images/train/bell_pepper_bacterial_spot_Google_0024.jpg,18,18,9,9
326,/lustre/backup/WUR/WFSR/gaur001/PlantSeg/plantsegv3/images/train/bell_pepper_bacterial_spot_Google_0029.jpg,18,18,3,9
327,/lustre/backup/WUR/WFSR/gaur001/PlantSeg/plantsegv3/images/train/bell_pepper_bacterial_spot_Google_0032.jpg,18,18,18,9
328,/lustre/backup/WUR/WFSR/gaur001/PlantSeg/plantsegv3/images/val/bell_pepper_bacterial_spot_Google_0033.jpg,18,18,25,25
329,/lustre/backup/WUR/WFSR/gaur001/PlantSeg/plantsegv3/images/train/bell_pepper_bacterial_spot_Google_0050.jpg,18,18,19,36
330,/lustre/backup/WUR/WFSR/gaur001/PlantSeg/plantsegv3/images/val/bell_pepper_bacterial_spot_Google_0061.jpg,18,18,18,25
331,/lustre/backup/WUR/WFSR/gaur001/PlantSeg/plantsegv3/images/train/bell_pepper_bacterial_spot_Google_0160.jpg,18,18,18,9
332,/lustre/backup/WUR/WFSR/gaur001/PlantSeg/plantsegv3/images/train/bell_pepper_bacterial_spot_Google_0311.jpg,18,18,20,9
333,/lustre/backup/WUR/WFSR/gaur001/PlantSeg/plantsegv3/images/train/cherry_powdery_mildew_10.jpg,5,5,3,25
334,/lustre/backup/WUR/WFSR/gaur001/PlantSeg/plantsegv3/images/train/cherry_powdery_mildew_12.jpg,5,5,25,9
335,/lustre/backup/WUR/WFSR/gaur001/PlantSeg/plantsegv3/images/train/cherry_powdery_mildew_14.jpg,5,5,25,25
336,/lustre/backup/WUR/WFSR/gaur001/PlantSeg/plantsegv3/images/train/cherry_powdery_mildew_17.jpg,5,5,25,25
337,/lustre/backup/WUR/WFSR/gaur001/PlantSeg/plantsegv3/images/train/cherry_powdery_mildew_18.jpg,5,5,9,25
338,/lustre/backup/WUR/WFSR/gaur001/PlantSeg/plantsegv3/images/train/cherry_powdery_mildew_20.jpg,5,5,26,9
339,/lustre/backup/WUR/WFSR/gaur001/PlantSeg/plantsegv3/images/train/cherry_powdery_mildew_21.jpg,5,5,25,25
340,/lustre/backup/WUR/WFSR/gaur001/PlantSeg/plantsegv3/images/val/cherry_powdery_mildew_22.jpg,5,5,25,9
341,/lustre/backup/WUR/WFSR/gaur001/PlantSeg/plantsegv3/images/train/cherry_powdery_mildew_24.jpg,5,5,25,20
342,/lustre/backup/WUR/WFSR/gaur001/PlantSeg/plantsegv3/images/val/cherry_powdery_mildew_25.jpg,5,5,3,25
343,/lustre/backup/WUR/WFSR/gaur001/PlantSeg/plantsegv3/images/train/cherry_powdery_mildew_28.jpg,5,5,25,25
344,/lustre/backup/WUR/WFSR/gaur001/PlantSeg/plantsegv3/images/train/cherry_powdery_mildew_32.jpg,5,5,3,25
345,/lustre/backup/WUR/WFSR/gaur001/PlantSeg/plantsegv3/images/train/cherry_powdery_mildew_38.jpg,5,5,26,25
346,/lustre/backup/WUR/WFSR/gaur001/PlantSeg/plantsegv3/images/train/cherry_powdery_mildew_44.jpg,5,5,3,25
347,/lustre/backup/WUR/WFSR/gaur001/PlantSeg/plantsegv3/images/train/cherry_powdery_mildew_45.jpg,5,5,25,25
348,/lustre/backup/WUR/WFSR/gaur001/PlantSeg/plantsegv3/images/train/cherry_powdery_mildew_46.jpg,5,5,18,25
349,/lustre/backup/WUR/WFSR/gaur001/PlantSeg/plantsegv3/images/train/cherry_powdery_mildew_51.jpg,5,5,25,9
350,/lustre/backup/WUR/WFSR/gaur001/PlantSeg/plantsegv3/images/train/cherry_powdery_mildew_53.jpg,5,5,9,25
351,/lustre/backup/WUR/WFSR/gaur001/PlantSeg/plantsegv3/images/val/cherry_powdery_mildew_64.jpg,5,5,25,25
352,/lustre/backup/WUR/WFSR/gaur001/PlantSeg/plantsegv3/images/train/cherry_powdery_mildew_68.jpg,5,5,25,9
353,/lustre/backup/WUR/WFSR/gaur001/PlantSeg/plantsegv3/images/val/cherry_powdery_mildew_86.jpg,5,5,25,25
354,/lustre/backup/WUR/WFSR/gaur001/PlantSeg/plantsegv3/images/train/cherry_powdery_mildew_google_0013.jpg,5,5,25,9
355,/lustre/backup/WUR/WFSR/gaur001/PlantSeg/plantsegv3/images/train/cherry_powdery_mildew_google_0018.jpg,5,5,9,25
356,/lustre/backup/WUR/WFSR/gaur001/PlantSeg/plantsegv3/images/train/cherry_powdery_mildew_google_0024.jpg,5,5,25,9
357,/lustre/backup/WUR/WFSR/gaur001/PlantSeg/plantsegv3/images/train/cherry_powdery_mildew_google_0038.jpg,5,5,3,15
358,/lustre/backup/WUR/WFSR/gaur001/PlantSeg/plantsegv3/images/train/cherry_powdery_mildew_google_0055.jpg,5,5,25,25
359,/lustre/backup/WUR/WFSR/gaur001/PlantSeg/plantsegv3/images/train/corn_northern_leaf_blight_1.jpg,9,9,9,9
360,/lustre/backup/WUR/WFSR/gaur001/PlantSeg/plantsegv3/images/train/corn_northern_leaf_blight_10.jpg,9,9,9,9
361,/lustre/backup/WUR/WFSR/gaur001/PlantSeg/plantsegv3/images/train/corn_northern_leaf_blight_103.jpg,9,9,9,9
362,/lustre/backup/WUR/WFSR/gaur001/PlantSeg/plantsegv3/images/train/corn_northern_leaf_blight_104.jpg,9,9,9,9
363,/lustre/backup/WUR/WFSR/gaur001/PlantSeg/plantsegv3/images/train/corn_northern_leaf_blight_105.jpg,9,9,9,25
364,/lustre/backup/WUR/WFSR/gaur001/PlantSeg/plantsegv3/images/train/corn_northern_leaf_blight_12.jpg,9,9,9,9
365,/lustre/backup/WUR/WFSR/gaur001/PlantSeg/plantsegv3/images/train/corn_northern_leaf_blight_16.jpg,9,9,9,9
366,/lustre/backup/WUR/WFSR/gaur001/PlantSeg/plantsegv3/images/val/corn_northern_leaf_blight_17.jpg,9,9,8,9
367,/lustre/backup/WUR/WFSR/gaur001/PlantSeg/plantsegv3/images/train/corn_northern_leaf_blight_19.jpg,9,9,9,9
368,/lustre/backup/WUR/WFSR/gaur001/PlantSeg/plantsegv3/images/val/corn_northern_leaf_blight_22.jpg,9,9,31,25
369,/lustre/backup/WUR/WFSR/gaur001/PlantSeg/plantsegv3/images/train/corn_northern_leaf_blight_23.jpg,9,9,9,9
370,/lustre/backup/WUR/WFSR/gaur001/PlantSeg/plantsegv3/images/train/corn_northern_leaf_blight_29.jpg,9,9,9,9
371,/lustre/backup/WUR/WFSR/gaur001/PlantSeg/plantsegv3/images/train/corn_northern_leaf_blight_3.jpg,9,9,9,9
372,/lustre/backup/WUR/WFSR/gaur001/PlantSeg/plantsegv3/images/train/corn_northern_leaf_blight_35.jpg,9,9,9,9
373,/lustre/backup/WUR/WFSR/gaur001/PlantSeg/plantsegv3/images/train/corn_northern_leaf_blight_36.jpg,9,9,9,9
374,/lustre/backup/WUR/WFSR/gaur001/PlantSeg/plantsegv3/images/train/corn_northern_leaf_blight_4.jpg,9,9,9,9
375,/lustre/backup/WUR/WFSR/gaur001/PlantSeg/plantsegv3/images/train/corn_northern_leaf_blight_40.jpg,9,9,9,9
376,/lustre/backup/WUR/WFSR/gaur001/PlantSeg/plantsegv3/images/train/corn_northern_leaf_blight_41.jpg,9,9,9,9
377,/lustre/backup/WUR/WFSR/gaur001/PlantSeg/plantsegv3/images/train/corn_northern_leaf_blight_42.jpg,9,9,8,9
378,/lustre/backup/WUR/WFSR/gaur001/PlantSeg/plantsegv3/images/train/corn_northern_leaf_blight_43.jpg,9,9,9,9
379,/lustre/backup/WUR/WFSR/gaur001/PlantSeg/plantsegv3/images/train/corn_northern_leaf_blight_45.jpg,9,9,9,9
380,/lustre/backup/WUR/WFSR/gaur001/PlantSeg/plantsegv3/images/train/corn_northern_leaf_blight_46.jpg,9,9,9,9
381,/lustre/backup/WUR/WFSR/gaur001/PlantSeg/plantsegv3/images/train/corn_northern_leaf_blight_47.jpg,9,9,9,9
382,/lustre/backup/WUR/WFSR/gaur001/PlantSeg/plantsegv3/images/train/corn_northern_leaf_blight_48.jpg,9,9,31,9
383,/lustre/backup/WUR/WFSR/gaur001/PlantSeg/plantsegv3/images/train/corn_northern_leaf_blight_50.jpg,9,9,9,9
384,/lustre/backup/WUR/WFSR/gaur001/PlantSeg/plantsegv3/images/train/corn_northern_leaf_blight_54.jpg,9,9,9,9
385,/lustre/backup/WUR/WFSR/gaur001/PlantSeg/plantsegv3/images/train/corn_northern_leaf_blight_56.jpg,9,9,9,9
386,/lustre/backup/WUR/WFSR/gaur001/PlantSeg/plantsegv3/images/train/corn_northern_leaf_blight_58.jpg,9,9,9,9
387,/lustre/backup/WUR/WFSR/gaur001/PlantSeg/plantsegv3/images/train/corn_northern_leaf_blight_6.jpg,9,9,9,9
388,/lustre/backup/WUR/WFSR/gaur001/PlantSeg/plantsegv3/images/train/corn_northern_leaf_blight_64.jpg,9,9,9,9
389,/lustre/backup/WUR/WFSR/gaur001/PlantSeg/plantsegv3/images/train/corn_northern_leaf_blight_66.jpg,9,9,10,9
390,/lustre/backup/WUR/WFSR/gaur001/PlantSeg/plantsegv3/images/train/corn_northern_leaf_blight_7.jpg,9,9,9,9
391,/lustre/backup/WUR/WFSR/gaur001/PlantSeg/plantsegv3/images/val/corn_northern_leaf_blight_78.jpg,9,9,9,9
392,/lustre/backup/WUR/WFSR/gaur001/PlantSeg/plantsegv3/images/train/corn_northern_leaf_blight_8.jpg,9,9,9,9
393,/lustre/backup/WUR/WFSR/gaur001/PlantSeg/plantsegv3/images/val/corn_northern_leaf_blight_82.jpg,9,9,9,9
394,/lustre/backup/WUR/WFSR/gaur001/PlantSeg/plantsegv3/images/train/corn_northern_leaf_blight_88.jpg,9,9,9,9
395,/lustre/backup/WUR/WFSR/gaur001/PlantSeg/plantsegv3/images/train/corn_northern_leaf_blight_91.jpg,9,9,9,9
396,/lustre/backup/WUR/WFSR/gaur001/PlantSeg/plantsegv3/images/train/corn_northern_leaf_blight_95.jpg,9,9,9,9
397,/lustre/backup/WUR/WFSR/gaur001/PlantSeg/plantsegv3/images/train/corn_northern_leaf_blight_google_0002.jpg,9,9,9,9
398,/lustre/backup/WUR/WFSR/gaur001/PlantSeg/plantsegv3/images/val/corn_northern_leaf_blight_google_0003.jpg,9,9,9,9
399,/lustre/backup/WUR/WFSR/gaur001/PlantSeg/plantsegv3/images/train/corn_northern_leaf_blight_google_0005.jpg,9,9,9,9
400,/lustre/backup/WUR/WFSR/gaur001/PlantSeg/plantsegv3/images/train/corn_northern_leaf_blight_google_0006.jpg,9,9,9,9
401,/lustre/backup/WUR/WFSR/gaur001/PlantSeg/plantsegv3/images/train/corn_northern_leaf_blight_google_0008.jpg,9,9,9,9
402,/lustre/backup/WUR/WFSR/gaur001/PlantSeg/plantsegv3/images/train/corn_northern_leaf_blight_google_0010.jpg,9,9,9,9
403,/lustre/backup/WUR/WFSR/gaur001/PlantSeg/plantsegv3/images/train/corn_northern_leaf_blight_google_0011.jpg,9,9,9,9
404,/lustre/backup/WUR/WFSR/gaur001/PlantSeg/plantsegv3/images/train/corn_northern_leaf_blight_google_0013.jpg,9,9,9,9
405,/lustre/backup/WUR/WFSR/gaur001/PlantSeg/plantsegv3/images/val/corn_northern_leaf_blight_google_0015.jpg,9,9,9,9
406,/lustre/backup/WUR/WFSR/gaur001/PlantSeg/plantsegv3/images/train/corn_northern_leaf_blight_google_0017.jpg,9,9,9,9
407,/lustre/backup/WUR/WFSR/gaur001/PlantSeg/plantsegv3/images/train/corn_northern_leaf_blight_google_0019.jpg,9,9,9,9
408,/lustre/backup/WUR/WFSR/gaur001/PlantSeg/plantsegv3/images/train/corn_northern_leaf_blight_google_0021.jpg,9,9,7,9
409,/lustre/backup/WUR/WFSR/gaur001/PlantSeg/plantsegv3/images/train/corn_northern_leaf_blight_google_0022.jpg,9,9,10,9
410,/lustre/backup/WUR/WFSR/gaur001/PlantSeg/plantsegv3/images/train/corn_northern_leaf_blight_google_0024.jpg,9,9,9,9
411,/lustre/backup/WUR/WFSR/gaur001/PlantSeg/plantsegv3/images/train/corn_northern_leaf_blight_google_0027.jpg,9,9,9,9
412,/lustre/backup/WUR/WFSR/gaur001/PlantSeg/plantsegv3/images/train/corn_northern_leaf_blight_google_0029.jpg,9,9,9,9
413,/lustre/backup/WUR/WFSR/gaur001/PlantSeg/plantsegv3/images/train/corn_northern_leaf_blight_google_0031.jpg,9,9,9,9
414,/lustre/backup/WUR/WFSR/gaur001/PlantSeg/plantsegv3/images/val/corn_northern_leaf_blight_google_0032.jpg,9,9,9,9
415,/lustre/backup/WUR/WFSR/gaur001/PlantSeg/plantsegv3/images/train/corn_northern_leaf_blight_google_0036.jpg,9,9,25,8
416,/lustre/backup/WUR/WFSR/gaur001/PlantSeg/plantsegv3/images/train/corn_northern_leaf_blight_google_0038.jpg,9,9,9,25
417,/lustre/backup/WUR/WFSR/gaur001/PlantSeg/plantsegv3/images/train/corn_northern_leaf_blight_google_0043.jpg,9,9,9,9
418,/lustre/backup/WUR/WFSR/gaur001/PlantSeg/plantsegv3/images/train/corn_northern_leaf_blight_google_0044.jpg,9,9,9,9
419,/lustre/backup/WUR/WFSR/gaur001/PlantSeg/plantsegv3/images/train/corn_northern_leaf_blight_google_0045.jpg,9,9,9,9
420,/lustre/backup/WUR/WFSR/gaur001/PlantSeg/plantsegv3/images/train/corn_northern_leaf_blight_google_0048.jpg,9,9,9,9
421,/lustre/backup/WUR/WFSR/gaur001/PlantSeg/plantsegv3/images/train/corn_northern_leaf_blight_google_0049.jpg,9,9,31,9
422,/lustre/backup/WUR/WFSR/gaur001/PlantSeg/plantsegv3/images/train/corn_northern_leaf_blight_google_0050.jpg,9,9,9,9
423,/lustre/backup/WUR/WFSR/gaur001/PlantSeg/plantsegv3/images/train/corn_northern_leaf_blight_google_0051.jpg,9,9,3,9
424,/lustre/backup/WUR/WFSR/gaur001/PlantSeg/plantsegv3/images/train/corn_northern_leaf_blight_google_0053.jpg,9,9,9,9
425,/lustre/backup/WUR/WFSR/gaur001/PlantSeg/plantsegv3/images/train/corn_northern_leaf_blight_google_0057.jpg,9,9,8,9
426,/lustre/backup/WUR/WFSR/gaur001/PlantSeg/plantsegv3/images/val/corn_northern_leaf_blight_google_0060.jpg,9,9,9,9
427,/lustre/backup/WUR/WFSR/gaur001/PlantSeg/plantsegv3/images/train/corn_northern_leaf_blight_google_0063.jpg,9,9,9,9
428,/lustre/backup/WUR/WFSR/gaur001/PlantSeg/plantsegv3/images/train/corn_northern_leaf_blight_google_0067.jpg,9,9,9,25
429,/lustre/backup/WUR/WFSR/gaur001/PlantSeg/plantsegv3/images/train/corn_northern_leaf_blight_google_0071.jpg,9,9,25,25
430,/lustre/backup/WUR/WFSR/gaur001/PlantSeg/plantsegv3/images/train/corn_northern_leaf_blight_google_0072.jpg,9,9,9,9
431,/lustre/backup/WUR/WFSR/gaur001/PlantSeg/plantsegv3/images/train/corn_northern_leaf_blight_google_0074.jpg,9,9,9,9
432,/lustre/backup/WUR/WFSR/gaur001/PlantSeg/plantsegv3/images/train/corn_northern_leaf_blight_google_0075.jpg,9,9,9,9
433,/lustre/backup/WUR/WFSR/gaur001/PlantSeg/plantsegv3/images/train/corn_northern_leaf_blight_google_0077.jpg,9,9,9,9
434,/lustre/backup/WUR/WFSR/gaur001/PlantSeg/plantsegv3/images/train/corn_northern_leaf_blight_google_0079.jpg,9,9,9,9
435,/lustre/backup/WUR/WFSR/gaur001/PlantSeg/plantsegv3/images/train/corn_northern_leaf_blight_google_0080.jpg,9,9,9,9
436,/lustre/backup/WUR/WFSR/gaur001/PlantSeg/plantsegv3/images/train/corn_northern_leaf_blight_google_0085.jpg,9,9,9,9
437,/lustre/backup/WUR/WFSR/gaur001/PlantSeg/plantsegv3/images/train/corn_northern_leaf_blight_google_0086.jpg,9,9,9,9
438,/lustre/backup/WUR/WFSR/gaur001/PlantSeg/plantsegv3/images/train/corn_northern_leaf_blight_google_0090.jpg,9,9,9,9
439,/lustre/backup/WUR/WFSR/gaur001/PlantSeg/plantsegv3/images/train/corn_northern_leaf_blight_google_0094.jpg,9,9,9,9
440,/lustre/backup/WUR/WFSR/gaur001/PlantSeg/plantsegv3/images/val/corn_northern_leaf_blight_google_0097.jpg,9,9,9,9
441,/lustre/backup/WUR/WFSR/gaur001/PlantSeg/plantsegv3/images/val/corn_northern_leaf_blight_google_0098.jpg,9,9,25,9
442,/lustre/backup/WUR/WFSR/gaur001/PlantSeg/plantsegv3/images/train/corn_northern_leaf_blight_google_0105.jpg,9,9,10,25
443,/lustre/backup/WUR/WFSR/gaur001/PlantSeg/plantsegv3/images/train/corn_northern_leaf_blight_google_0109.jpg,9,9,25,9
444,/lustre/backup/WUR/WFSR/gaur001/PlantSeg/plantsegv3/images/train/corn_northern_leaf_blight_google_0110.jpg,9,9,9,9
445,/lustre/backup/WUR/WFSR/gaur001/PlantSeg/plantsegv3/images/train/corn_northern_leaf_blight_google_0112.jpg,9,9,9,9
446,/lustre/backup/WUR/WFSR/gaur001/PlantSeg/plantsegv3/images/train/corn_northern_leaf_blight_google_0114.jpg,9,9,10,9
447,/lustre/backup/WUR/WFSR/gaur001/PlantSeg/plantsegv3/images/train/corn_northern_leaf_blight_google_0117.jpg,9,9,9,9
448,/lustre/backup/WUR/WFSR/gaur001/PlantSeg/plantsegv3/images/val/corn_northern_leaf_blight_google_0120.jpg,9,9,9,25
449,/lustre/backup/WUR/WFSR/gaur001/PlantSeg/plantsegv3/images/train/corn_northern_leaf_blight_google_0121.jpg,9,9,9,9
450,/lustre/backup/WUR/WFSR/gaur001/PlantSeg/plantsegv3/images/train/corn_northern_leaf_blight_google_0126.jpg,9,9,9,9
451,/lustre/backup/WUR/WFSR/gaur001/PlantSeg/plantsegv3/images/val/corn_northern_leaf_blight_google_0127.jpg,9,9,9,9
452,/lustre/backup/WUR/WFSR/gaur001/PlantSeg/plantsegv3/images/val/corn_northern_leaf_blight_google_0129.jpg,9,9,9,9
453,/lustre/backup/WUR/WFSR/gaur001/PlantSeg/plantsegv3/images/train/corn_northern_leaf_blight_google_0132.jpg,9,9,9,9
454,/lustre/backup/WUR/WFSR/gaur001/PlantSeg/plantsegv3/images/train/corn_northern_leaf_blight_google_0134.jpg,9,9,9,9
455,/lustre/backup/WUR/WFSR/gaur001/PlantSeg/plantsegv3/images/train/corn_northern_leaf_blight_google_0135.jpg,9,9,9,9
456,/lustre/backup/WUR/WFSR/gaur001/PlantSeg/plantsegv3/images/val/corn_northern_leaf_blight_google_0143.jpg,9,9,9,9
457,/lustre/backup/WUR/WFSR/gaur001/PlantSeg/plantsegv3/images/train/corn_northern_leaf_blight_google_0149.jpg,9,9,10,9
458,/lustre/backup/WUR/WFSR/gaur001/PlantSeg/plantsegv3/images/train/corn_northern_leaf_blight_google_0151.jpg,9,9,9,9
459,/lustre/backup/WUR/WFSR/gaur001/PlantSeg/plantsegv3/images/train/corn_northern_leaf_blight_google_0162.jpg,9,9,9,9
460,/lustre/backup/WUR/WFSR/gaur001/PlantSeg/plantsegv3/images/train/corn_northern_leaf_blight_google_0163.jpg,9,9,9,9
461,/lustre/backup/WUR/WFSR/gaur001/PlantSeg/plantsegv3/images/train/corn_northern_leaf_blight_google_0169.jpg,9,9,9,9
462,/lustre/backup/WUR/WFSR/gaur001/PlantSeg/plantsegv3/images/train/corn_northern_leaf_blight_google_0175.jpg,9,9,9,9
463,/lustre/backup/WUR/WFSR/gaur001/PlantSeg/plantsegv3/images/train/grape_black_rot_1.jpg,11,11,25,25
464,/lustre/backup/WUR/WFSR/gaur001/PlantSeg/plantsegv3/images/train/grape_black_rot_10.jpg,11,11,25,9
465,/lustre/backup/WUR/WFSR/gaur001/PlantSeg/plantsegv3/images/train/grape_black_rot_13.jpg,11,11,26,9
466,/lustre/backup/WUR/WFSR/gaur001/PlantSeg/plantsegv3/images/val/grape_black_rot_141.jpg,11,11,25,9
467,/lustre/backup/WUR/WFSR/gaur001/PlantSeg/plantsegv3/images/train/grape_black_rot_149.jpg,11,11,26,9
468,/lustre/backup/WUR/WFSR/gaur001/PlantSeg/plantsegv3/images/train/grape_black_rot_15.jpg,11,11,25,9
469,/lustre/backup/WUR/WFSR/gaur001/PlantSeg/plantsegv3/images/train/grape_black_rot_152.jpg,11,11,26,25
470,/lustre/backup/WUR/WFSR/gaur001/PlantSeg/plantsegv3/images/train/grape_black_rot_170.jpg,11,11,25,9
471,/lustre/backup/WUR/WFSR/gaur001/PlantSeg/plantsegv3/images/val/grape_black_rot_171.jpg,11,11,26,25
472,/lustre/backup/WUR/WFSR/gaur001/PlantSeg/plantsegv3/images/train/grape_black_rot_176.jpg,11,11,25,26
473,/lustre/backup/WUR/WFSR/gaur001/PlantSeg/plantsegv3/images/train/grape_black_rot_18.jpg,11,11,11,25
474,/lustre/backup/WUR/WFSR/gaur001/PlantSeg/plantsegv3/images/train/grape_black_rot_191.jpg,11,11,25,9
475,/lustre/backup/WUR/WFSR/gaur001/PlantSeg/plantsegv3/images/train/grape_black_rot_2.jpg,11,11,25,25
476,/lustre/backup/WUR/WFSR/gaur001/PlantSeg/plantsegv3/images/val/grape_black_rot_21.jpg,11,11,25,9
477,/lustre/backup/WUR/WFSR/gaur001/PlantSeg/plantsegv3/images/train/grape_black_rot_25.jpg,11,11,25,25
478,/lustre/backup/WUR/WFSR/gaur001/PlantSeg/plantsegv3/images/train/grape_black_rot_29.jpg,11,11,29,9
479,/lustre/backup/WUR/WFSR/gaur001/PlantSeg/plantsegv3/images/train/grape_black_rot_37.jpg,11,11,26,25
480,/lustre/backup/WUR/WFSR/gaur001/PlantSeg/plantsegv3/images/train/grape_black_rot_4.jpg,11,11,26,9
481,/lustre/backup/WUR/WFSR/gaur001/PlantSeg/plantsegv3/images/train/grape_black_rot_40.jpg,11,11,26,9
482,/lustre/backup/WUR/WFSR/gaur001/PlantSeg/plantsegv3/images/train/grape_black_rot_42.jpg,11,11,20,9
483,/lustre/backup/WUR/WFSR/gaur001/PlantSeg/plantsegv3/images/train/grape_black_rot_45.jpg,11,11,25,9
484,/lustre/backup/WUR/WFSR/gaur001/PlantSeg/plantsegv3/images/train/grape_black_rot_49.jpg,11,11,25,9
485,/lustre/backup/WUR/WFSR/gaur001/PlantSeg/plantsegv3/images/train/grape_black_rot_5.jpg,11,11,26,25
486,/lustre/backup/WUR/WFSR/gaur001/PlantSeg/plantsegv3/images/train/grape_black_rot_50.jpg,11,11,26,25
487,/lustre/backup/WUR/WFSR/gaur001/PlantSeg/plantsegv3/images/train/grape_black_rot_6.jpg,11,11,25,9
488,/lustre/backup/WUR/WFSR/gaur001/PlantSeg/plantsegv3/images/train/grape_black_rot_68.jpg,11,11,9,25
489,/lustre/backup/WUR/WFSR/gaur001/PlantSeg/plantsegv3/images/train/grape_black_rot_7.jpg,11,11,25,9
490,/lustre/backup/WUR/WFSR/gaur001/PlantSeg/plantsegv3/images/train/grape_black_rot_8.jpg,11,11,26,9
491,/lustre/backup/WUR/WFSR/gaur001/PlantSeg/plantsegv3/images/train/grape_black_rot_9.jpg,11,11,11,9
492,/lustre/backup/WUR/WFSR/gaur001/PlantSeg/plantsegv3/images/train/grape_black_rot_google_0000.jpg,11,11,25,25
493,/lustre/backup/WUR/WFSR/gaur001/PlantSeg/plantsegv3/images/train/grape_black_rot_google_0001.jpg,11,11,25,25
494,/lustre/backup/WUR/WFSR/gaur001/PlantSeg/plantsegv3/images/val/grape_black_rot_google_0005.jpg,11,11,9,9
495,/lustre/backup/WUR/WFSR/gaur001/PlantSeg/plantsegv3/images/train/grape_black_rot_google_0007.jpg,11,11,9,9
496,/lustre/backup/WUR/WFSR/gaur001/PlantSeg/plantsegv3/images/val/grape_black_rot_google_0009.jpg,11,11,25,9
497,/lustre/backup/WUR/WFSR/gaur001/PlantSeg/plantsegv3/images/train/grape_black_rot_google_0010.jpg,11,11,9,9
498,/lustre/backup/WUR/WFSR/gaur001/PlantSeg/plantsegv3/images/val/grape_black_rot_google_0014.jpg,11,11,26,9
499,/lustre/backup/WUR/WFSR/gaur001/PlantSeg/plantsegv3/images/train/grape_black_rot_google_0019.jpg,11,11,25,9
500,/lustre/backup/WUR/WFSR/gaur001/PlantSeg/plantsegv3/images/train/grape_black_rot_google_0021.jpg,11,11,25,9
501,/lustre/backup/WUR/WFSR/gaur001/PlantSeg/plantsegv3/images/train/grape_black_rot_google_0024.jpg,11,11,26,25
502,/lustre/backup/WUR/WFSR/gaur001/PlantSeg/plantsegv3/images/train/grape_black_rot_google_0027.jpg,11,11,11,25
503,/lustre/backup/WUR/WFSR/gaur001/PlantSeg/plantsegv3/images/train/grape_black_rot_google_0028.jpg,11,11,25,9
504,/lustre/backup/WUR/WFSR/gaur001/PlantSeg/plantsegv3/images/train/grape_black_rot_google_0029.jpg,11,11,9,9
505,/lustre/backup/WUR/WFSR/gaur001/PlantSeg/plantsegv3/images/train/grape_black_rot_google_0039.jpg,11,11,25,9
506,/lustre/backup/WUR/WFSR/gaur001/PlantSeg/plantsegv3/images/train/grape_black_rot_google_0041.jpg,11,11,9,9
507,/lustre/backup/WUR/WFSR/gaur001/PlantSeg/plantsegv3/images/train/grape_black_rot_google_0043.jpg,11,11,11,9
508,/lustre/backup/WUR/WFSR/gaur001/PlantSeg/plantsegv3/images/train/grape_black_rot_google_0046.jpg,11,11,25,25
509,/lustre/backup/WUR/WFSR/gaur001/PlantSeg/plantsegv3/images/train/grape_black_rot_google_0049.jpg,11,11,25,25
510,/lustre/backup/WUR/WFSR/gaur001/PlantSeg/plantsegv3/images/train/grape_black_rot_google_0051.jpg,11,11,20,9
511,/lustre/backup/WUR/WFSR/gaur001/PlantSeg/plantsegv3/images/train/grape_black_rot_google_0053.jpg,11,11,9,25
512,/lustre/backup/WUR/WFSR/gaur001/PlantSeg/plantsegv3/images/val/grape_black_rot_google_0064.jpg,11,11,11,9
513,/lustre/backup/WUR/WFSR/gaur001/PlantSeg/plantsegv3/images/train/grape_black_rot_google_0067.jpg,11,11,26,25
514,/lustre/backup/WUR/WFSR/gaur001/PlantSeg/plantsegv3/images/train/grape_black_rot_google_0068.jpg,11,11,3,25
515,/lustre/backup/WUR/WFSR/gaur001/PlantSeg/plantsegv3/images/train/grape_black_rot_google_0071.jpg,11,11,25,9
516,/lustre/backup/WUR/WFSR/gaur001/PlantSeg/plantsegv3/images/train/grape_black_rot_google_0072.jpg,11,11,9,9
517,/lustre/backup/WUR/WFSR/gaur001/PlantSeg/plantsegv3/images/val/grape_black_rot_google_0075.jpg,11,11,25,9
518,/lustre/backup/WUR/WFSR/gaur001/PlantSeg/plantsegv3/images/train/grape_black_rot_google_0077.jpg,11,11,25,25
519,/lustre/backup/WUR/WFSR/gaur001/PlantSeg/plantsegv3/images/train/grape_black_rot_google_0080.jpg,11,11,25,20
520,/lustre/backup/WUR/WFSR/gaur001/PlantSeg/plantsegv3/images/train/grape_black_rot_google_0084.jpg,11,11,9,9
521,/lustre/backup/WUR/WFSR/gaur001/PlantSeg/plantsegv3/images/train/grape_black_rot_google_0085.jpg,11,11,29,9
522,/lustre/backup/WUR/WFSR/gaur001/PlantSeg/plantsegv3/images/val/grape_black_rot_google_0087.jpg,11,11,11,8
523,/lustre/backup/WUR/WFSR/gaur001/PlantSeg/plantsegv3/images/train/grape_black_rot_google_0089.jpg,11,11,9,25
524,/lustre/backup/WUR/WFSR/gaur001/PlantSeg/plantsegv3/images/train/grape_black_rot_google_0090.jpg,11,11,29,9
525,/lustre/backup/WUR/WFSR/gaur001/PlantSeg/plantsegv3/images/train/grape_black_rot_google_0095.jpg,11,11,25,25
526,/lustre/backup/WUR/WFSR/gaur001/PlantSeg/plantsegv3/images/val/grape_black_rot_google_0101.jpg,11,11,3,9
527,/lustre/backup/WUR/WFSR/gaur001/PlantSeg/plantsegv3/images/train/grape_black_rot_google_0110.jpg,11,11,25,20
528,/lustre/backup/WUR/WFSR/gaur001/PlantSeg/plantsegv3/images/val/grape_black_rot_google_0111.jpg,11,11,1,20
529,/lustre/backup/WUR/WFSR/gaur001/PlantSeg/plantsegv3/images/train/grape_black_rot_google_0118.jpg,11,11,25,20
530,/lustre/backup/WUR/WFSR/gaur001/PlantSeg/plantsegv3/images/val/grape_black_rot_google_0119.jpg,11,11,25,9
531,/lustre/backup/WUR/WFSR/gaur001/PlantSeg/plantsegv3/images/train/grape_black_rot_google_0123.jpg,11,11,9,9
532,/lustre/backup/WUR/WFSR/gaur001/PlantSeg/plantsegv3/images/train/grape_black_rot_google_0124.jpg,11,11,25,25
533,/lustre/backup/WUR/WFSR/gaur001/PlantSeg/plantsegv3/images/train/grape_black_rot_google_0130.jpg,11,11,11,9
534,/lustre/backup/WUR/WFSR/gaur001/PlantSeg/plantsegv3/images/train/grape_black_rot_google_0132.jpg,11,11,26,9
535,/lustre/backup/WUR/WFSR/gaur001/PlantSeg/plantsegv3/images/train/grape_black_rot_google_0133.jpg,11,11,9,9
536,/lustre/backup/WUR/WFSR/gaur001/PlantSeg/plantsegv3/images/train/grape_black_rot_google_0147.jpg,11,11,25,9
537,/lustre/backup/WUR/WFSR/gaur001/PlantSeg/plantsegv3/images/train/grape_black_rot_google_0149.jpg,11,11,14,9
538,/lustre/backup/WUR/WFSR/gaur001/PlantSeg/plantsegv3/images/train/grape_black_rot_google_0156.jpg,11,11,25,9
539,/lustre/backup/WUR/WFSR/gaur001/PlantSeg/plantsegv3/images/train/grape_black_rot_google_0158.jpg,11,11,25,25
540,/lustre/backup/WUR/WFSR/gaur001/PlantSeg/plantsegv3/images/train/grape_black_rot_google_0161.jpg,11,11,3,20
541,/lustre/backup/WUR/WFSR/gaur001/PlantSeg/plantsegv3/images/train/grape_black_rot_google_0162.jpg,11,11,25,9
542,/lustre/backup/WUR/WFSR/gaur001/PlantSeg/plantsegv3/images/train/grape_black_rot_google_0204.jpg,11,11,26,9
543,/lustre/backup/WUR/WFSR/gaur001/PlantSeg/plantsegv3/images/train/grape_black_rot_google_0209.jpg,11,11,25,25
544,/lustre/backup/WUR/WFSR/gaur001/PlantSeg/plantsegv3/images/train/grape_black_rot_google_0219.jpg,11,11,11,9
545,/lustre/backup/WUR/WFSR/gaur001/PlantSeg/plantsegv3/images/train/grape_black_rot_google_0220.jpg,11,11,11,11
546,/lustre/backup/WUR/WFSR/gaur001/PlantSeg/plantsegv3/images/train/grape_black_rot_google_0223.jpg,11,11,26,20
547,/lustre/backup/WUR/WFSR/gaur001/PlantSeg/plantsegv3/images/val/grape_black_rot_google_0230.jpg,11,11,13,25
548,/lustre/backup/WUR/WFSR/gaur001/PlantSeg/plantsegv3/images/train/grape_black_rot_google_0234.jpg,11,11,11,9
549,/lustre/backup/WUR/WFSR/gaur001/PlantSeg/plantsegv3/images/train/grape_black_rot_google_0237.jpg,11,11,26,25
550,/lustre/backup/WUR/WFSR/gaur001/PlantSeg/plantsegv3/images/train/grape_black_rot_google_0260.jpg,11,11,29,9
551,/lustre/backup/WUR/WFSR/gaur001/PlantSeg/plantsegv3/images/train/grape_black_rot_google_0262.jpg,11,11,25,9
552,/lustre/backup/WUR/WFSR/gaur001/PlantSeg/plantsegv3/images/train/grape_black_rot_google_0278.jpg,11,11,9,25
553,/lustre/backup/WUR/WFSR/gaur001/PlantSeg/plantsegv3/images/train/grape_black_rot_google_0286.jpg,11,11,9,31
554,/lustre/backup/WUR/WFSR/gaur001/PlantSeg/plantsegv3/images/train/grape_black_rot_google_0291.jpg,11,11,25,20
555,/lustre/backup/WUR/WFSR/gaur001/PlantSeg/plantsegv3/images/train/grape_black_rot_google_0307.jpg,11,11,16,9
556,/lustre/backup/WUR/WFSR/gaur001/PlantSeg/plantsegv3/images/train/grape_black_rot_google_0325.jpg,11,11,20,9
557,/lustre/backup/WUR/WFSR/gaur001/PlantSeg/plantsegv3/images/train/grape_black_rot_google_0330.jpg,11,11,26,9
558,/lustre/backup/WUR/WFSR/gaur001/PlantSeg/plantsegv3/images/train/grape_black_rot_google_0332.jpg,11,11,9,9
559,/lustre/backup/WUR/WFSR/gaur001/PlantSeg/plantsegv3/images/train/grape_black_rot_google_0341.jpg,11,11,12,11
560,/lustre/backup/WUR/WFSR/gaur001/PlantSeg/plantsegv3/images/train/grape_black_rot_google_0356.jpg,11,11,25,9
561,/lustre/backup/WUR/WFSR/gaur001/PlantSeg/plantsegv3/images/train/potato_early_blight_1.jpg,20,20,26,9
562,/lustre/backup/WUR/WFSR/gaur001/PlantSeg/plantsegv3/images/train/potato_early_blight_100.jpg,20,20,20,25
563,/lustre/backup/WUR/WFSR/gaur001/PlantSeg/plantsegv3/images/train/potato_early_blight_11.jpg,20,20,20,20
564,/lustre/backup/WUR/WFSR/gaur001/PlantSeg/plantsegv3/images/train/potato_early_blight_13.jpg,20,20,9,25
565,/lustre/backup/WUR/WFSR/gaur001/PlantSeg/plantsegv3/images/train/potato_early_blight_14.jpg,20,20,20,25
566,/lustre/backup/WUR/WFSR/gaur001/PlantSeg/plantsegv3/images/train/potato_early_blight_16.jpg,20,20,20,25
567,/lustre/backup/WUR/WFSR/gaur001/PlantSeg/plantsegv3/images/train/potato_early_blight_18.jpg,20,20,9,25
568,/lustre/backup/WUR/WFSR/gaur001/PlantSeg/plantsegv3/images/train/potato_early_blight_21.jpg,20,20,9,25
569,/lustre/backup/WUR/WFSR/gaur001/PlantSeg/plantsegv3/images/train/potato_early_blight_23.jpg,20,20,9,25
570,/lustre/backup/WUR/WFSR/gaur001/PlantSeg/plantsegv3/images/val/potato_early_blight_3.jpg,20,20,25,25
571,/lustre/backup/WUR/WFSR/gaur001/PlantSeg/plantsegv3/images/train/potato_early_blight_30.jpg,20,20,20,20
572,/lustre/backup/WUR/WFSR/gaur001/PlantSeg/plantsegv3/images/train/potato_early_blight_31.jpg,20,20,20,25
573,/lustre/backup/WUR/WFSR/gaur001/PlantSeg/plantsegv3/images/train/potato_early_blight_37.jpg,20,20,20,20
574,/lustre/backup/WUR/WFSR/gaur001/PlantSeg/plantsegv3/images/train/potato_early_blight_38.jpg,20,20,13,25
575,/lustre/backup/WUR/WFSR/gaur001/PlantSeg/plantsegv3/images/val/potato_early_blight_41.jpg,20,20,20,25
576,/lustre/backup/WUR/WFSR/gaur001/PlantSeg/plantsegv3/images/train/potato_early_blight_44.jpg,20,20,20,1
577,/lustre/backup/WUR/WFSR/gaur001/PlantSeg/plantsegv3/images/train/potato_early_blight_45.jpg,20,20,9,26
578,/lustre/backup/WUR/WFSR/gaur001/PlantSeg/plantsegv3/images/train/potato_early_blight_5.jpg,20,20,21,25
579,/lustre/backup/WUR/WFSR/gaur001/PlantSeg/plantsegv3/images/train/potato_early_blight_51.jpg,20,20,18,25
580,/lustre/backup/WUR/WFSR/gaur001/PlantSeg/plantsegv3/images/train/potato_early_blight_53.jpg,20,20,3,25
581,/lustre/backup/WUR/WFSR/gaur001/PlantSeg/plantsegv3/images/train/potato_early_blight_55.jpg,20,20,20,25
582,/lustre/backup/WUR/WFSR/gaur001/PlantSeg/plantsegv3/images/train/potato_early_blight_56.jpg,20,20,21,20
583,/lustre/backup/WUR/WFSR/gaur001/PlantSeg/plantsegv3/images/train/potato_early_blight_60.jpg,20,20,20,25
584,/lustre/backup/WUR/WFSR/gaur001/PlantSeg/plantsegv3/images/train/potato_early_blight_61.jpg,20,20,20,9
585,/lustre/backup/WUR/WFSR/gaur001/PlantSeg/plantsegv3/images/train/potato_early_blight_64.jpg,20,20,9,25
586,/lustre/backup/WUR/WFSR/gaur001/PlantSeg/plantsegv3/images/train/potato_early_blight_65.jpg,20,20,9,9
587,/lustre/backup/WUR/WFSR/gaur001/PlantSeg/plantsegv3/images/train/potato_early_blight_68.jpg,20,20,21,9
588,/lustre/backup/WUR/WFSR/gaur001/PlantSeg/plantsegv3/images/train/potato_early_blight_69.jpg,20,20,20,25
589,/lustre/backup/WUR/WFSR/gaur001/PlantSeg/plantsegv3/images/val/potato_early_blight_70.jpg,20,20,20,25
590,/lustre/backup/WUR/WFSR/gaur001/PlantSeg/plantsegv3/images/train/potato_early_blight_75.jpg,20,20,20,20
591,/lustre/backup/WUR/WFSR/gaur001/PlantSeg/plantsegv3/images/train/potato_early_blight_78.jpg,20,20,9,20
592,/lustre/backup/WUR/WFSR/gaur001/PlantSeg/plantsegv3/images/val/potato_early_blight_9.jpg,20,20,25,25
593,/lustre/backup/WUR/WFSR/gaur001/PlantSeg/plantsegv3/images/train/potato_early_blight_google_0001.jpg,20,20,9,25
594,/lustre/backup/WUR/WFSR/gaur001/PlantSeg/plantsegv3/images/train/potato_early_blight_google_0002.jpg,20,20,20,25
595,/lustre/backup/WUR/WFSR/gaur001/PlantSeg/plantsegv3/images/train/potato_early_blight_google_0005.jpg,20,20,21,9
596,/lustre/backup/WUR/WFSR/gaur001/PlantSeg/plantsegv3/images/val/potato_early_blight_google_0006.jpg,20,20,25,25
597,/lustre/backup/WUR/WFSR/gaur001/PlantSeg/plantsegv3/images/train/potato_early_blight_google_0007.jpg,20,20,26,9
598,/lustre/backup/WUR/WFSR/gaur001/PlantSeg/plantsegv3/images/train/potato_early_blight_google_0008.jpg,20,20,9,25
599,/lustre/backup/WUR/WFSR/gaur001/PlantSeg/plantsegv3/images/train/potato_early_blight_google_0010.jpg,20,20,20,21
600,/lustre/backup/WUR/WFSR/gaur001/PlantSeg/plantsegv3/images/val/potato_early_blight_google_0011.jpg,20,20,20,9
601,/lustre/backup/WUR/WFSR/gaur001/PlantSeg/plantsegv3/images/train/potato_early_blight_google_0012.jpg,20,20,25,9
602,/lustre/backup/WUR/WFSR/gaur001/PlantSeg/plantsegv3/images/train/potato_early_blight_google_0013.jpg,20,20,9,25
603,/lustre/backup/WUR/WFSR/gaur001/PlantSeg/plantsegv3/images/train/potato_early_blight_google_0015.jpg,20,20,3,9
604,/lustre/backup/WUR/WFSR/gaur001/PlantSeg/plantsegv3/images/val/potato_early_blight_google_0022.jpg,20,20,9,9
605,/lustre/backup/WUR/WFSR/gaur001/PlantSeg/plantsegv3/images/train/potato_early_blight_google_0031.jpg,20,20,20,9
606,/lustre/backup/WUR/WFSR/gaur001/PlantSeg/plantsegv3/images/train/potato_early_blight_google_0036.jpg,20,20,26,25
607,/lustre/backup/WUR/WFSR/gaur001/PlantSeg/plantsegv3/images/val/potato_early_blight_google_0037.jpg,20,20,0,20
608,/lustre/backup/WUR/WFSR/gaur001/PlantSeg/plantsegv3/images/train/potato_early_blight_google_0039.jpg,20,20,20,20
609,/lustre/backup/WUR/WFSR/gaur001/PlantSeg/plantsegv3/images/train/potato_early_blight_google_0040.jpg,20,20,9,9
610,/lustre/backup/WUR/WFSR/gaur001/PlantSeg/plantsegv3/images/train/potato_early_blight_google_0045.jpg,20,20,20,9
611,/lustre/backup/WUR/WFSR/gaur001/PlantSeg/plantsegv3/images/val/potato_early_blight_google_0048.jpg,20,20,9,9
612,/lustre/backup/WUR/WFSR/gaur001/PlantSeg/plantsegv3/images/train/potato_early_blight_google_0050.jpg,20,20,20,20
613,/lustre/backup/WUR/WFSR/gaur001/PlantSeg/plantsegv3/images/train/potato_early_blight_google_0051.jpg,20,20,9,25
614,/lustre/backup/WUR/WFSR/gaur001/PlantSeg/plantsegv3/images/train/potato_early_blight_google_0053.jpg,20,20,9,9
615,/lustre/backup/WUR/WFSR/gaur001/PlantSeg/plantsegv3/images/train/potato_early_blight_google_0054.jpg,20,20,3,25
616,/lustre/backup/WUR/WFSR/gaur001/PlantSeg/plantsegv3/images/train/potato_early_blight_google_0055.jpg,20,20,26,26
617,/lustre/backup/WUR/WFSR/gaur001/PlantSeg/plantsegv3/images/train/potato_early_blight_google_0058.jpg,20,20,9,1
618,/lustre/backup/WUR/WFSR/gaur001/PlantSeg/plantsegv3/images/train/potato_early_blight_google_0062.jpg,20,20,20,20
619,/lustre/backup/WUR/WFSR/gaur001/PlantSeg/plantsegv3/images/train/potato_early_blight_google_0068.jpg,20,20,15,9
620,/lustre/backup/WUR/WFSR/gaur001/PlantSeg/plantsegv3/images/train/potato_early_blight_google_0070.jpg,20,20,21,26
621,/lustre/backup/WUR/WFSR/gaur001/PlantSeg/plantsegv3/images/train/potato_early_blight_google_0071.jpg,20,20,20,20
622,/lustre/backup/WUR/WFSR/gaur001/PlantSeg/plantsegv3/images/train/potato_early_blight_google_0075.jpg,20,20,20,25
623,/lustre/backup/WUR/WFSR/gaur001/PlantSeg/plantsegv3/images/train/potato_early_blight_google_0078.jpg,20,20,25,25
624,/lustre/backup/WUR/WFSR/gaur001/PlantSeg/plantsegv3/images/train/potato_early_blight_google_0079.jpg,20,20,9,25
625,/lustre/backup/WUR/WFSR/gaur001/PlantSeg/plantsegv3/images/train/potato_early_blight_google_0081.jpg,20,20,20,9
626,/lustre/backup/WUR/WFSR/gaur001/PlantSeg/plantsegv3/images/val/potato_early_blight_google_0084.jpg,20,20,20,20
627,/lustre/backup/WUR/WFSR/gaur001/PlantSeg/plantsegv3/images/train/potato_early_blight_google_0089.jpg,20,20,9,20
628,/lustre/backup/WUR/WFSR/gaur001/PlantSeg/plantsegv3/images/train/potato_early_blight_google_0096.jpg,20,20,16,9
629,/lustre/backup/WUR/WFSR/gaur001/PlantSeg/plantsegv3/images/train/potato_early_blight_google_0098.jpg,20,20,20,20
630,/lustre/backup/WUR/WFSR/gaur001/PlantSeg/plantsegv3/images/val/potato_early_blight_google_0100.jpg,20,20,20,25
631,/lustre/backup/WUR/WFSR/gaur001/PlantSeg/plantsegv3/images/train/potato_early_blight_google_0110.jpg,20,20,20,9
632,/lustre/backup/WUR/WFSR/gaur001/PlantSeg/plantsegv3/images/train/potato_early_blight_google_0116.jpg,20,20,20,9
633,/lustre/backup/WUR/WFSR/gaur001/PlantSeg/plantsegv3/images/train/potato_early_blight_google_0117.jpg,20,20,9,9
634,/lustre/backup/WUR/WFSR/gaur001/PlantSeg/plantsegv3/images/train/potato_early_blight_google_0119.jpg,20,20,20,9
635,/lustre/backup/WUR/WFSR/gaur001/PlantSeg/plantsegv3/images/train/potato_early_blight_google_0126.jpg,20,20,9,9
636,/lustre/backup/WUR/WFSR/gaur001/PlantSeg/plantsegv3/images/train/potato_early_blight_google_0143.jpg,20,20,21,9
637,/lustre/backup/WUR/WFSR/gaur001/PlantSeg/plantsegv3/images/train/potato_early_blight_google_0145.jpg,20,20,20,25
638,/lustre/backup/WUR/WFSR/gaur001/PlantSeg/plantsegv3/images/train/potato_early_blight_google_0149.jpg,20,20,20,25
639,/lustre/backup/WUR/WFSR/gaur001/PlantSeg/plantsegv3/images/train/potato_early_blight_google_0156.jpg,20,20,20,9
640,/lustre/backup/WUR/WFSR/gaur001/PlantSeg/plantsegv3/images/train/potato_early_blight_google_0168.jpg,20,20,3,25
641,/lustre/backup/WUR/WFSR/gaur001/PlantSeg/plantsegv3/images/train/potato_early_blight_google_0183.jpg,20,20,9,25
642,/lustre/backup/WUR/WFSR/gaur001/PlantSeg/plantsegv3/images/train/potato_early_blight_google_0184.jpg,20,20,20,20
643,/lustre/backup/WUR/WFSR/gaur001/PlantSeg/plantsegv3/images/train/potato_early_blight_google_0185.jpg,20,20,26,9
644,/lustre/backup/WUR/WFSR/gaur001/PlantSeg/plantsegv3/images/train/potato_early_blight_google_0195.jpg,20,20,26,25
645,/lustre/backup/WUR/WFSR/gaur001/PlantSeg/plantsegv3/images/val/potato_early_blight_google_0197.jpg,20,20,9,25
646,/lustre/backup/WUR/WFSR/gaur001/PlantSeg/plantsegv3/images/train/potato_early_blight_google_0200.jpg,20,20,9,9
647,/lustre/backup/WUR/WFSR/gaur001/PlantSeg/plantsegv3/images/train/potato_early_blight_google_0207.jpg,20,20,25,25
648,/lustre/backup/WUR/WFSR/gaur001/PlantSeg/plantsegv3/images/train/potato_early_blight_google_0208.jpg,20,20,21,21
649,/lustre/backup/WUR/WFSR/gaur001/PlantSeg/plantsegv3/images/train/potato_early_blight_google_0213.jpg,20,20,15,20
650,/lustre/backup/WUR/WFSR/gaur001/PlantSeg/plantsegv3/images/train/potato_early_blight_google_0215.jpg,20,20,28,25
651,/lustre/backup/WUR/WFSR/gaur001/PlantSeg/plantsegv3/images/train/potato_early_blight_google_0216.jpg,20,20,9,25
652,/lustre/backup/WUR/WFSR/gaur001/PlantSeg/plantsegv3/images/train/potato_early_blight_google_0240.jpg,20,20,15,31
653,/lustre/backup/WUR/WFSR/gaur001/PlantSeg/plantsegv3/images/train/potato_early_blight_google_0253.jpg,20,20,20,9
654,/lustre/backup/WUR/WFSR/gaur001/PlantSeg/plantsegv3/images/train/potato_early_blight_google_0274.jpg,20,20,9,31
655,/lustre/backup/WUR/WFSR/gaur001/PlantSeg/plantsegv3/images/train/potato_early_blight_google_0276.jpg,20,20,20,9
656,/lustre/backup/WUR/WFSR/gaur001/PlantSeg/plantsegv3/images/train/potato_early_blight_google_0284.jpg,20,20,20,9
657,/lustre/backup/WUR/WFSR/gaur001/PlantSeg/plantsegv3/images/train/potato_early_blight_google_0306.jpg,20,20,18,31
658,/lustre/backup/WUR/WFSR/gaur001/PlantSeg/plantsegv3/images/val/potato_early_blight_google_0320.jpg,20,20,20,20
659,/lustre/backup/WUR/WFSR/gaur001/PlantSeg/plantsegv3/images/val/potato_early_blight_google_0345.jpg,20,20,20,20
660,/lustre/backup/WUR/WFSR/gaur001/PlantSeg/plantsegv3/images/train/potato_early_blight_google_0352.jpg,20,20,20,20
661,/lustre/backup/WUR/WFSR/gaur001/PlantSeg/plantsegv3/images/train/potato_early_blight_google_0366.jpg,20,20,20,20
662,/lustre/backup/WUR/WFSR/gaur001/PlantSeg/plantsegv3/images/train/potato_late_blight_1.jpg,21,21,0,25
663,/lustre/backup/WUR/WFSR/gaur001/PlantSeg/plantsegv3/images/train/potato_late_blight_10.jpg,21,21,20,25
664,/lustre/backup/WUR/WFSR/gaur001/PlantSeg/plantsegv3/images/val/potato_late_blight_101.jpg,21,21,25,25
665,/lustre/backup/WUR/WFSR/gaur001/PlantSeg/plantsegv3/images/train/potato_late_blight_105.jpg,21,21,25,9
666,/lustre/backup/WUR/WFSR/gaur001/PlantSeg/plantsegv3/images/train/potato_late_blight_12.jpg,21,21,26,9
667,/lustre/backup/WUR/WFSR/gaur001/PlantSeg/plantsegv3/images/train/potato_late_blight_13.jpg,21,21,20,21
668,/lustre/backup/WUR/WFSR/gaur001/PlantSeg/plantsegv3/images/train/potato_late_blight_18.jpg,21,21,25,25
669,/lustre/backup/WUR/WFSR/gaur001/PlantSeg/plantsegv3/images/train/potato_late_blight_2.jpg,21,21,26,25
670,/lustre/backup/WUR/WFSR/gaur001/PlantSeg/plantsegv3/images/val/potato_late_blight_20.jpg,21,21,20,25
671,/lustre/backup/WUR/WFSR/gaur001/PlantSeg/plantsegv3/images/train/potato_late_blight_23.jpg,21,21,25,25
672,/lustre/backup/WUR/WFSR/gaur001/PlantSeg/plantsegv3/images/val/potato_late_blight_25.jpg,21,21,21,25
673,/lustre/backup/WUR/WFSR/gaur001/PlantSeg/plantsegv3/images/train/potato_late_blight_3.jpg,21,21,20,25
674,/lustre/backup/WUR/WFSR/gaur001/PlantSeg/plantsegv3/images/train/potato_late_blight_35.jpg,21,21,20,25
675,/lustre/backup/WUR/WFSR/gaur001/PlantSeg/plantsegv3/images/train/potato_late_blight_37.jpg,21,21,26,25
676,/lustre/backup/WUR/WFSR/gaur001/PlantSeg/plantsegv3/images/train/potato_late_blight_38.jpg,21,21,29,9
677,/lustre/backup/WUR/WFSR/gaur001/PlantSeg/plantsegv3/images/val/potato_late_blight_39.jpg,21,21,21,25
678,/lustre/backup/WUR/WFSR/gaur001/PlantSeg/plantsegv3/images/train/potato_late_blight_4.jpg,21,21,26,20
679,/lustre/backup/WUR/WFSR/gaur001/PlantSeg/plantsegv3/images/train/potato_late_blight_41.jpg,21,21,21,25
680,/lustre/backup/WUR/WFSR/gaur001/PlantSeg/plantsegv3/images/train/potato_late_blight_44.jpg,21,21,20,3
681,/lustre/backup/WUR/WFSR/gaur001/PlantSeg/plantsegv3/images/train/potato_late_blight_5.jpg,21,21,26,25
682,/lustre/backup/WUR/WFSR/gaur001/PlantSeg/plantsegv3/images/train/potato_late_blight_50.jpg,21,21,9,9
683,/lustre/backup/WUR/WFSR/gaur001/PlantSeg/plantsegv3/images/train/potato_late_blight_58.jpg,21,21,26,25
684,/lustre/backup/WUR/WFSR/gaur001/PlantSeg/plantsegv3/images/train/potato_late_blight_61.jpg,21,21,9,25
685,/lustre/backup/WUR/WFSR/gaur001/PlantSeg/plantsegv3/images/val/potato_late_blight_63.jpg,21,21,20,9
686,/lustre/backup/WUR/WFSR/gaur001/PlantSeg/plantsegv3/images/train/potato_late_blight_67.jpg,21,21,9,25
687,/lustre/backup/WUR/WFSR/gaur001/PlantSeg/plantsegv3/images/train/potato_late_blight_7.jpg,21,21,25,25
688,/lustre/backup/WUR/WFSR/gaur001/PlantSeg/plantsegv3/images/train/potato_late_blight_78.jpg,21,21,9,25
689,/lustre/backup/WUR/WFSR/gaur001/PlantSeg/plantsegv3/images/train/potato_late_blight_79.jpg,21,21,21,25
690,/lustre/backup/WUR/WFSR/gaur001/PlantSeg/plantsegv3/images/train/potato_late_blight_87.jpg,21,21,26,25
691,/lustre/backup/WUR/WFSR/gaur001/PlantSeg/plantsegv3/images/train/potato_late_blight_93.jpg,21,21,20,26
692,/lustre/backup/WUR/WFSR/gaur001/PlantSeg/plantsegv3/images/train/potato_late_blight_google_0000.jpg,21,21,20,25
693,/lustre/backup/WUR/WFSR/gaur001/PlantSeg/plantsegv3/images/train/potato_late_blight_google_0002.jpg,21,21,21,25
694,/lustre/backup/WUR/WFSR/gaur001/PlantSeg/plantsegv3/images/train/potato_late_blight_google_0006.jpg,21,21,0,25
695,/lustre/backup/WUR/WFSR/gaur001/PlantSeg/plantsegv3/images/train/potato_late_blight_google_0010.jpg,21,21,21,21
696,/lustre/backup/WUR/WFSR/gaur001/PlantSeg/plantsegv3/images/train/potato_late_blight_google_0011.jpg,21,21,9,9
697,/lustre/backup/WUR/WFSR/gaur001/PlantSeg/plantsegv3/images/train/potato_late_blight_google_0012.jpg,21,21,9,9
698,/lustre/backup/WUR/WFSR/gaur001/PlantSeg/plantsegv3/images/train/potato_late_blight_google_0013.jpg,21,21,26,25
699,/lustre/backup/WUR/WFSR/gaur001/PlantSeg/plantsegv3/images/train/potato_late_blight_google_0015.jpg,21,21,21,21
700,/lustre/backup/WUR/WFSR/gaur001/PlantSeg/plantsegv3/images/train/potato_late_blight_google_0021.jpg,21,21,21,25
701,/lustre/backup/WUR/WFSR/gaur001/PlantSeg/plantsegv3/images/train/potato_late_blight_google_0022.jpg,21,21,9,9
702,/lustre/backup/WUR/WFSR/gaur001/PlantSeg/plantsegv3/images/val/potato_late_blight_google_0029.jpg,21,21,9,9
703,/lustre/backup/WUR/WFSR/gaur001/PlantSeg/plantsegv3/images/train/potato_late_blight_google_0030.jpg,21,21,20,29
704,/lustre/backup/WUR/WFSR/gaur001/PlantSeg/plantsegv3/images/train/potato_late_blight_google_0033.jpg,21,21,3,25
705,/lustre/backup/WUR/WFSR/gaur001/PlantSeg/plantsegv3/images/train/potato_late_blight_google_0035.jpg,21,21,20,9
706,/lustre/backup/WUR/WFSR/gaur001/PlantSeg/plantsegv3/images/train/potato_late_blight_google_0036.jpg,21,21,3,25
707,/lustre/backup/WUR/WFSR/gaur001/PlantSeg/plantsegv3/images/train/potato_late_blight_google_0038.jpg,21,21,9,25
708,/lustre/backup/WUR/WFSR/gaur001/PlantSeg/plantsegv3/images/train/potato_late_blight_google_0039.jpg,21,21,25,31
709,/lustre/backup/WUR/WFSR/gaur001/PlantSeg/plantsegv3/images/train/potato_late_blight_google_0042.jpg,21,21,26,25
710,/lustre/backup/WUR/WFSR/gaur001/PlantSeg/plantsegv3/images/train/potato_late_blight_google_0043.jpg,21,21,3,25
711,/lustre/backup/WUR/WFSR/gaur001/PlantSeg/plantsegv3/images/train/potato_late_blight_google_0049.jpg,21,21,21,9
712,/lustre/backup/WUR/WFSR/gaur001/PlantSeg/plantsegv3/images/train/potato_late_blight_google_0050.jpg,21,21,3,25
713,/lustre/backup/WUR/WFSR/gaur001/PlantSeg/plantsegv3/images/train/potato_late_blight_google_0051.jpg,21,21,9,9
714,/lustre/backup/WUR/WFSR/gaur001/PlantSeg/plantsegv3/images/train/potato_late_blight_google_0054.jpg,21,21,20,25
715,/lustre/backup/WUR/WFSR/gaur001/PlantSeg/plantsegv3/images/train/potato_late_blight_google_0055.jpg,21,21,3,9
716,/lustre/backup/WUR/WFSR/gaur001/PlantSeg/plantsegv3/images/train/potato_late_blight_google_0057.jpg,21,21,20,25
717,/lustre/backup/WUR/WFSR/gaur001/PlantSeg/plantsegv3/images/train/potato_late_blight_google_0063.jpg,21,21,20,21
718,/lustre/backup/WUR/WFSR/gaur001/PlantSeg/plantsegv3/images/train/potato_late_blight_google_0064.jpg,21,21,9,9
719,/lustre/backup/WUR/WFSR/gaur001/PlantSeg/plantsegv3/images/train/potato_late_blight_google_0067.jpg,21,21,29,25
720,/lustre/backup/WUR/WFSR/gaur001/PlantSeg/plantsegv3/images/val/potato_late_blight_google_0068.jpg,21,21,9,9
721,/lustre/backup/WUR/WFSR/gaur001/PlantSeg/plantsegv3/images/train/potato_late_blight_google_0074.jpg,21,21,20,25
722,/lustre/backup/WUR/WFSR/gaur001/PlantSeg/plantsegv3/images/val/potato_late_blight_google_0075.jpg,21,21,25,9
723,/lustre/backup/WUR/WFSR/gaur001/PlantSeg/plantsegv3/images/val/potato_late_blight_google_0079.jpg,21,21,26,9
724,/lustre/backup/WUR/WFSR/gaur001/PlantSeg/plantsegv3/images/val/potato_late_blight_google_0085.jpg,21,21,26,25
725,/lustre/backup/WUR/WFSR/gaur001/PlantSeg/plantsegv3/images/train/potato_late_blight_google_0086.jpg,21,21,20,9
726,/lustre/backup/WUR/WFSR/gaur001/PlantSeg/plantsegv3/images/train/potato_late_blight_google_0092.jpg,21,21,25,25
727,/lustre/backup/WUR/WFSR/gaur001/PlantSeg/plantsegv3/images/train/potato_late_blight_google_0097.jpg,21,21,15,25
728,/lustre/backup/WUR/WFSR/gaur001/PlantSeg/plantsegv3/images/train/potato_late_blight_google_0105.jpg,21,21,20,25
729,/lustre/backup/WUR/WFSR/gaur001/PlantSeg/plantsegv3/images/val/potato_late_blight_google_0110.jpg,21,21,26,25
730,/lustre/backup/WUR/WFSR/gaur001/PlantSeg/plantsegv3/images/train/potato_late_blight_google_0112.jpg,21,21,9,25
731,/lustre/backup/WUR/WFSR/gaur001/PlantSeg/plantsegv3/images/train/potato_late_blight_google_0113.jpg,21,21,21,21
732,/lustre/backup/WUR/WFSR/gaur001/PlantSeg/plantsegv3/images/train/potato_late_blight_google_0114.jpg,21,21,31,9
733,/lustre/backup/WUR/WFSR/gaur001/PlantSeg/plantsegv3/images/train/potato_late_blight_google_0118.jpg,21,21,9,25
734,/lustre/backup/WUR/WFSR/gaur001/PlantSeg/plantsegv3/images/train/potato_late_blight_google_0121.jpg,21,21,9,25
735,/lustre/backup/WUR/WFSR/gaur001/PlantSeg/plantsegv3/images/train/potato_late_blight_google_0130.jpg,21,21,21,28
736,/lustre/backup/WUR/WFSR/gaur001/PlantSeg/plantsegv3/images/train/potato_late_blight_google_0136.jpg,21,21,8,25
737,/lustre/backup/WUR/WFSR/gaur001/PlantSeg/plantsegv3/images/train/potato_late_blight_google_0137.jpg,21,21,3,25
738,/lustre/backup/WUR/WFSR/gaur001/PlantSeg/plantsegv3/images/val/potato_late_blight_google_0138.jpg,21,21,25,25
739,/lustre/backup/WUR/WFSR/gaur001/PlantSeg/plantsegv3/images/train/potato_late_blight_google_0143.jpg,21,21,20,9
740,/lustre/backup/WUR/WFSR/gaur001/PlantSeg/plantsegv3/images/train/potato_late_blight_google_0151.jpg,21,21,21,25
741,/lustre/backup/WUR/WFSR/gaur001/PlantSeg/plantsegv3/images/train/potato_late_blight_google_0154.jpg,21,21,21,25
742,/lustre/backup/WUR/WFSR/gaur001/PlantSeg/plantsegv3/images/train/potato_late_blight_google_0155.jpg,21,21,9,9
743,/lustre/backup/WUR/WFSR/gaur001/PlantSeg/plantsegv3/images/train/potato_late_blight_google_0156.jpg,21,21,21,25
744,/lustre/backup/WUR/WFSR/gaur001/PlantSeg/plantsegv3/images/train/potato_late_blight_google_0159.jpg,21,21,9,25
745,/lustre/backup/WUR/WFSR/gaur001/PlantSeg/plantsegv3/images/train/potato_late_blight_google_0160.jpg,21,21,21,25
746,/lustre/backup/WUR/WFSR/gaur001/PlantSeg/plantsegv3/images/train/potato_late_blight_google_0162.jpg,21,21,20,25
747,/lustre/backup/WUR/WFSR/gaur001/PlantSeg/plantsegv3/images/train/potato_late_blight_google_0167.jpg,21,21,21,3
748,/lustre/backup/WUR/WFSR/gaur001/PlantSeg/plantsegv3/images/train/potato_late_blight_google_0175.jpg,21,21,3,9
749,/lustre/backup/WUR/WFSR/gaur001/PlantSeg/plantsegv3/images/train/potato_late_blight_google_0178.jpg,21,21,26,9
750,/lustre/backup/WUR/WFSR/gaur001/PlantSeg/plantsegv3/images/train/potato_late_blight_google_0197.jpg,21,21,9,25
751,/lustre/backup/WUR/WFSR/gaur001/PlantSeg/plantsegv3/images/val/potato_late_blight_google_0212.jpg,21,21,26,9
752,/lustre/backup/WUR/WFSR/gaur001/PlantSeg/plantsegv3/images/train/potato_late_blight_google_0235.jpg,21,21,3,31
753,/lustre/backup/WUR/WFSR/gaur001/PlantSeg/plantsegv3/images/train/potato_late_blight_google_0266.jpg,21,21,20,9
754,/lustre/backup/WUR/WFSR/gaur001/PlantSeg/plantsegv3/images/train/potato_late_blight_google_0282.jpg,21,21,25,9
755,/lustre/backup/WUR/WFSR/gaur001/PlantSeg/plantsegv3/images/train/potato_late_blight_google_0303.jpg,21,21,21,10
756,/lustre/backup/WUR/WFSR/gaur001/PlantSeg/plantsegv3/images/train/squash_powdery_mildew_1.jpg,25,25,25,25
757,/lustre/backup/WUR/WFSR/gaur001/PlantSeg/plantsegv3/images/train/squash_powdery_mildew_10.jpg,25,25,9,25
758,/lustre/backup/WUR/WFSR/gaur001/PlantSeg/plantsegv3/images/train/squash_powdery_mildew_101.jpg,25,25,25,25
759,/lustre/backup/WUR/WFSR/gaur001/PlantSeg/plantsegv3/images/train/squash_powdery_mildew_102.jpg,25,25,25,25
760,/lustre/backup/WUR/WFSR/gaur001/PlantSeg/plantsegv3/images/train/squash_powdery_mildew_11.jpg,25,25,25,25
761,/lustre/backup/WUR/WFSR/gaur001/PlantSeg/plantsegv3/images/train/squash_powdery_mildew_12.jpg,25,25,25,25
762,/lustre/backup/WUR/WFSR/gaur001/PlantSeg/plantsegv3/images/train/squash_powdery_mildew_13.jpg,25,25,25,25
763,/lustre/backup/WUR/WFSR/gaur001/PlantSeg/plantsegv3/images/train/squash_powdery_mildew_130.jpg,25,25,25,25
764,/lustre/backup/WUR/WFSR/gaur001/PlantSeg/plantsegv3/images/train/squash_powdery_mildew_140.jpg,25,25,25,25
765,/lustre/backup/WUR/WFSR/gaur001/PlantSeg/plantsegv3/images/train/squash_powdery_mildew_15.jpg,25,25,25,25
766,/lustre/backup/WUR/WFSR/gaur001/PlantSeg/plantsegv3/images/val/squash_powdery_mildew_16.jpg,25,25,9,9
767,/lustre/backup/WUR/WFSR/gaur001/PlantSeg/plantsegv3/images/train/squash_powdery_mildew_178.jpg,25,25,25,25
768,/lustre/backup/WUR/WFSR/gaur001/PlantSeg/plantsegv3/images/train/squash_powdery_mildew_18.jpg,25,25,25,25
769,/lustre/backup/WUR/WFSR/gaur001/PlantSeg/plantsegv3/images/train/squash_powdery_mildew_2.jpg,25,25,25,25
770,/lustre/backup/WUR/WFSR/gaur001/PlantSeg/plantsegv3/images/train/squash_powdery_mildew_21.jpg,25,25,25,25
771,/lustre/backup/WUR/WFSR/gaur001/PlantSeg/plantsegv3/images/train/squash_powdery_mildew_22.jpg,25,25,25,25
772,/lustre/backup/WUR/WFSR/gaur001/PlantSeg/plantsegv3/images/train/squash_powdery_mildew_24.jpg,25,25,25,25
773,/lustre/backup/WUR/WFSR/gaur001/PlantSeg/plantsegv3/images/train/squash_powdery_mildew_25.jpg,25,25,25,25
774,/lustre/backup/WUR/WFSR/gaur001/PlantSeg/plantsegv3/images/train/squash_powdery_mildew_29.jpg,25,25,25,25
775,/lustre/backup/WUR/WFSR/gaur001/PlantSeg/plantsegv3/images/train/squash_powdery_mildew_3.jpg,25,25,25,25
776,/lustre/backup/WUR/WFSR/gaur001/PlantSeg/plantsegv3/images/train/squash_powdery_mildew_30.jpg,25,25,25,25
777,/lustre/backup/WUR/WFSR/gaur001/PlantSeg/plantsegv3/images/val/squash_powdery_mildew_33.jpg,25,25,25,25
778,/lustre/backup/WUR/WFSR/gaur001/PlantSeg/plantsegv3/images/train/squash_powdery_mildew_34.jpg,25,25,25,25
779,/lustre/backup/WUR/WFSR/gaur001/PlantSeg/plantsegv3/images/train/squash_powdery_mildew_39.jpg,25,25,25,25
780,/lustre/backup/WUR/WFSR/gaur001/PlantSeg/plantsegv3/images/train/squash_powdery_mildew_4.jpg,25,25,25,25
781,/lustre/backup/WUR/WFSR/gaur001/PlantSeg/plantsegv3/images/train/squash_powdery_mildew_40.jpg,25,25,25,25
782,/lustre/backup/WUR/WFSR/gaur001/PlantSeg/plantsegv3/images/train/squash_powdery_mildew_42.jpg,25,25,25,9
783,/lustre/backup/WUR/WFSR/gaur001/PlantSeg/plantsegv3/images/train/squash_powdery_mildew_45.jpg,25,25,9,25
784,/lustre/backup/WUR/WFSR/gaur001/PlantSeg/plantsegv3/images/train/squash_powdery_mildew_5.jpg,25,25,25,25
785,/lustre/backup/WUR/WFSR/gaur001/PlantSeg/plantsegv3/images/train/squash_powdery_mildew_52.jpg,25,25,25,25
786,/lustre/backup/WUR/WFSR/gaur001/PlantSeg/plantsegv3/images/train/squash_powdery_mildew_54.jpg,25,25,25,25
787,/lustre/backup/WUR/WFSR/gaur001/PlantSeg/plantsegv3/images/train/squash_powdery_mildew_55.jpg,25,25,28,25
788,/lustre/backup/WUR/WFSR/gaur001/PlantSeg/plantsegv3/images/val/squash_powdery_mildew_56.jpg,25,25,25,25
789,/lustre/backup/WUR/WFSR/gaur001/PlantSeg/plantsegv3/images/val/squash_powdery_mildew_58.jpg,25,25,25,25
790,/lustre/backup/WUR/WFSR/gaur001/PlantSeg/plantsegv3/images/train/squash_powdery_mildew_60.jpg,25,25,25,25
791,/lustre/backup/WUR/WFSR/gaur001/PlantSeg/plantsegv3/images/val/squash_powdery_mildew_61.jpg,25,25,25,25
792,/lustre/backup/WUR/WFSR/gaur001/PlantSeg/plantsegv3/images/train/squash_powdery_mildew_62.jpg,25,25,25,25
793,/lustre/backup/WUR/WFSR/gaur001/PlantSeg/plantsegv3/images/train/squash_powdery_mildew_65.jpg,25,25,25,25
794,/lustre/backup/WUR/WFSR/gaur001/PlantSeg/plantsegv3/images/train/squash_powdery_mildew_75.jpg,25,25,25,25
795,/lustre/backup/WUR/WFSR/gaur001/PlantSeg/plantsegv3/images/train/squash_powdery_mildew_78.jpg,25,25,25,25
796,/lustre/backup/WUR/WFSR/gaur001/PlantSeg/plantsegv3/images/train/squash_powdery_mildew_79.jpg,25,25,9,25
797,/lustre/backup/WUR/WFSR/gaur001/PlantSeg/plantsegv3/images/val/squash_powdery_mildew_8.jpg,25,25,25,25
798,/lustre/backup/WUR/WFSR/gaur001/PlantSeg/plantsegv3/images/train/squash_powdery_mildew_81.jpg,25,25,25,25
799,/lustre/backup/WUR/WFSR/gaur001/PlantSeg/plantsegv3/images/train/squash_powdery_mildew_82.jpg,25,25,26,9
800,/lustre/backup/WUR/WFSR/gaur001/PlantSeg/plantsegv3/images/train/squash_powdery_mildew_9.jpg,25,25,25,25
801,/lustre/backup/WUR/WFSR/gaur001/PlantSeg/plantsegv3/images/val/squash_powdery_mildew_google_0002.jpg,25,25,25,25
802,/lustre/backup/WUR/WFSR/gaur001/PlantSeg/plantsegv3/images/train/squash_powdery_mildew_google_0003.jpg,25,25,25,25
803,/lustre/backup/WUR/WFSR/gaur001/PlantSeg/plantsegv3/images/train/squash_powdery_mildew_google_0004.jpg,25,25,3,9
804,/lustre/backup/WUR/WFSR/gaur001/PlantSeg/plantsegv3/images/train/squash_powdery_mildew_google_0005.jpg,25,25,25,25
805,/lustre/backup/WUR/WFSR/gaur001/PlantSeg/plantsegv3/images/train/squash_powdery_mildew_google_0007.jpg,25,25,25,25
806,/lustre/backup/WUR/WFSR/gaur001/PlantSeg/plantsegv3/images/train/squash_powdery_mildew_google_0008.jpg,25,25,1,25
807,/lustre/backup/WUR/WFSR/gaur001/PlantSeg/plantsegv3/images/train/squash_powdery_mildew_google_0009.jpg,25,25,26,25
808,/lustre/backup/WUR/WFSR/gaur001/PlantSeg/plantsegv3/images/train/squash_powdery_mildew_google_0010.jpg,25,25,25,25
809,/lustre/backup/WUR/WFSR/gaur001/PlantSeg/plantsegv3/images/train/squash_powdery_mildew_google_0013.jpg,25,25,25,25
810,/lustre/backup/WUR/WFSR/gaur001/PlantSeg/plantsegv3/images/val/squash_powdery_mildew_google_0014.jpg,25,25,25,25
811,/lustre/backup/WUR/WFSR/gaur001/PlantSeg/plantsegv3/images/train/squash_powdery_mildew_google_0017.jpg,25,25,25,25
812,/lustre/backup/WUR/WFSR/gaur001/PlantSeg/plantsegv3/images/train/squash_powdery_mildew_google_0018.jpg,25,25,25,25
813,/lustre/backup/WUR/WFSR/gaur001/PlantSeg/plantsegv3/images/train/squash_powdery_mildew_google_0019.jpg,25,25,25,25
814,/lustre/backup/WUR/WFSR/gaur001/PlantSeg/plantsegv3/images/train/squash_powdery_mildew_google_0024.jpg,25,25,9,9
815,/lustre/backup/WUR/WFSR/gaur001/PlantSeg/plantsegv3/images/train/squash_powdery_mildew_google_0026.jpg,25,25,25,25
816,/lustre/backup/WUR/WFSR/gaur001/PlantSeg/plantsegv3/images/train/squash_powdery_mildew_google_0028.jpg,25,25,25,25
817,/lustre/backup/WUR/WFSR/gaur001/PlantSeg/plantsegv3/images/train/squash_powdery_mildew_google_0029.jpg,25,25,25,25
818,/lustre/backup/WUR/WFSR/gaur001/PlantSeg/plantsegv3/images/train/squash_powdery_mildew_google_0032.jpg,25,25,25,25
819,/lustre/backup/WUR/WFSR/gaur001/PlantSeg/plantsegv3/images/train/squash_powdery_mildew_google_0036.jpg,25,25,25,25
820,/lustre/backup/WUR/WFSR/gaur001/PlantSeg/plantsegv3/images/train/squash_powdery_mildew_google_0039.jpg,25,25,25,25
821,/lustre/backup/WUR/WFSR/gaur001/PlantSeg/plantsegv3/images/train/squash_powdery_mildew_google_0042.jpg,25,25,25,25
822,/lustre/backup/WUR/WFSR/gaur001/PlantSeg/plantsegv3/images/train/squash_powdery_mildew_google_0043.jpg,25,25,25,25
823,/lustre/backup/WUR/WFSR/gaur001/PlantSeg/plantsegv3/images/train/squash_powdery_mildew_google_0044.jpg,25,25,25,25
824,/lustre/backup/WUR/WFSR/gaur001/PlantSeg/plantsegv3/images/train/squash_powdery_mildew_google_0048.jpg,25,25,25,25
825,/lustre/backup/WUR/WFSR/gaur001/PlantSeg/plantsegv3/images/train/squash_powdery_mildew_google_0050.jpg,25,25,25,25
826,/lustre/backup/WUR/WFSR/gaur001/PlantSeg/plantsegv3/images/train/squash_powdery_mildew_google_0059.jpg,25,25,25,25
827,/lustre/backup/WUR/WFSR/gaur001/PlantSeg/plantsegv3/images/val/squash_powdery_mildew_google_0060.jpg,25,25,9,25
828,/lustre/backup/WUR/WFSR/gaur001/PlantSeg/plantsegv3/images/val/squash_powdery_mildew_google_0061.jpg,25,25,9,25
829,/lustre/backup/WUR/WFSR/gaur001/PlantSeg/plantsegv3/images/train/squash_powdery_mildew_google_0062.jpg,25,25,25,25
830,/lustre/backup/WUR/WFSR/gaur001/PlantSeg/plantsegv3/images/train/squash_powdery_mildew_google_0063.jpg,25,25,1,25
831,/lustre/backup/WUR/WFSR/gaur001/PlantSeg/plantsegv3/images/train/squash_powdery_mildew_google_0065.jpg,25,25,25,25
832,/lustre/backup/WUR/WFSR/gaur001/PlantSeg/plantsegv3/images/train/squash_powdery_mildew_google_0066.jpg,25,25,25,25
833,/lustre/backup/WUR/WFSR/gaur001/PlantSeg/plantsegv3/images/train/squash_powdery_mildew_google_0068.jpg,25,25,25,25
834,/lustre/backup/WUR/WFSR/gaur001/PlantSeg/plantsegv3/images/train/squash_powdery_mildew_google_0069.jpg,25,25,25,25
835,/lustre/backup/WUR/WFSR/gaur001/PlantSeg/plantsegv3/images/train/squash_powdery_mildew_google_0073.jpg,25,25,25,25
836,/lustre/backup/WUR/WFSR/gaur001/PlantSeg/plantsegv3/images/train/squash_powdery_mildew_google_0075.jpg,25,25,25,25
837,/lustre/backup/WUR/WFSR/gaur001/PlantSeg/plantsegv3/images/train/squash_powdery_mildew_google_0076.jpg,25,25,25,25
838,/lustre/backup/WUR/WFSR/gaur001/PlantSeg/plantsegv3/images/val/squash_powdery_mildew_google_0081.jpg,25,25,25,25
839,/lustre/backup/WUR/WFSR/gaur001/PlantSeg/plantsegv3/images/val/squash_powdery_mildew_google_0083.jpg,25,25,25,25
840,/lustre/backup/WUR/WFSR/gaur001/PlantSeg/plantsegv3/images/train/squash_powdery_mildew_google_0093.jpg,25,25,9,25
841,/lustre/backup/WUR/WFSR/gaur001/PlantSeg/plantsegv3/images/train/squash_powdery_mildew_google_0094.jpg,25,25,25,25
842,/lustre/backup/WUR/WFSR/gaur001/PlantSeg/plantsegv3/images/val/squash_powdery_mildew_google_0099.jpg,25,25,25,25
843,/lustre/backup/WUR/WFSR/gaur001/PlantSeg/plantsegv3/images/train/squash_powdery_mildew_google_0101.jpg,25,25,25,25
844,/lustre/backup/WUR/WFSR/gaur001/PlantSeg/plantsegv3/images/train/squash_powdery_mildew_google_0103.jpg,25,25,25,25
845,/lustre/backup/WUR/WFSR/gaur001/PlantSeg/plantsegv3/images/train/squash_powdery_mildew_google_0104.jpg,25,25,25,25
846,/lustre/backup/WUR/WFSR/gaur001/PlantSeg/plantsegv3/images/train/squash_powdery_mildew_google_0106.jpg,25,25,9,25
847,/lustre/backup/WUR/WFSR/gaur001/PlantSeg/plantsegv3/images/train/squash_powdery_mildew_google_0110.jpg,25,25,25,25
848,/lustre/backup/WUR/WFSR/gaur001/PlantSeg/plantsegv3/images/val/squash_powdery_mildew_google_0112.jpg,25,25,25,25
849,/lustre/backup/WUR/WFSR/gaur001/PlantSeg/plantsegv3/images/train/squash_powdery_mildew_google_0120.jpg,25,25,25,25
850,/lustre/backup/WUR/WFSR/gaur001/PlantSeg/plantsegv3/images/train/squash_powdery_mildew_google_0122.jpg,25,25,25,25
851,/lustre/backup/WUR/WFSR/gaur001/PlantSeg/plantsegv3/images/train/squash_powdery_mildew_google_0125.jpg,25,25,25,25
852,/lustre/backup/WUR/WFSR/gaur001/PlantSeg/plantsegv3/images/train/squash_powdery_mildew_google_0132.jpg,25,25,25,25
853,/lustre/backup/WUR/WFSR/gaur001/PlantSeg/plantsegv3/images/train/squash_powdery_mildew_google_0134.jpg,25,25,25,25
854,/lustre/backup/WUR/WFSR/gaur001/PlantSeg/plantsegv3/images/train/squash_powdery_mildew_google_0136.jpg,25,25,25,25
855,/lustre/backup/WUR/WFSR/gaur001/PlantSeg/plantsegv3/images/train/squash_powdery_mildew_google_0138.jpg,25,25,25,25
856,/lustre/backup/WUR/WFSR/gaur001/PlantSeg/plantsegv3/images/train/squash_powdery_mildew_google_0139.jpg,25,25,25,25
857,/lustre/backup/WUR/WFSR/gaur001/PlantSeg/plantsegv3/images/train/squash_powdery_mildew_google_0142.jpg,25,25,25,25
858,/lustre/backup/WUR/WFSR/gaur001/PlantSeg/plantsegv3/images/train/squash_powdery_mildew_google_0143.jpg,25,25,25,25
859,/lustre/backup/WUR/WFSR/gaur001/PlantSeg/plantsegv3/images/train/squash_powdery_mildew_google_0144.jpg,25,25,21,9
860,/lustre/backup/WUR/WFSR/gaur001/PlantSeg/plantsegv3/images/train/squash_powdery_mildew_google_0147.jpg,25,25,25,25
861,/lustre/backup/WUR/WFSR/gaur001/PlantSeg/plantsegv3/images/train/squash_powdery_mildew_google_0151.jpg,25,25,25,25
862,/lustre/backup/WUR/WFSR/gaur001/PlantSeg/plantsegv3/images/val/squash_powdery_mildew_google_0155.jpg,25,25,25,25
863,/lustre/backup/WUR/WFSR/gaur001/PlantSeg/plantsegv3/images/train/squash_powdery_mildew_google_0157.jpg,25,25,25,25
864,/lustre/backup/WUR/WFSR/gaur001/PlantSeg/plantsegv3/images/train/squash_powdery_mildew_google_0159.jpg,25,25,25,9
865,/lustre/backup/WUR/WFSR/gaur001/PlantSeg/plantsegv3/images/train/squash_powdery_mildew_google_0168.jpg,25,25,9,25
866,/lustre/backup/WUR/WFSR/gaur001/PlantSeg/plantsegv3/images/train/squash_powdery_mildew_google_0169.jpg,25,25,25,25
867,/lustre/backup/WUR/WFSR/gaur001/PlantSeg/plantsegv3/images/train/squash_powdery_mildew_google_0173.jpg,25,25,25,25
868,/lustre/backup/WUR/WFSR/gaur001/PlantSeg/plantsegv3/images/train/squash_powdery_mildew_google_0174.jpg,25,25,25,25
869,/lustre/backup/WUR/WFSR/gaur001/PlantSeg/plantsegv3/images/train/squash_powdery_mildew_google_0176.jpg,25,25,25,25
870,/lustre/backup/WUR/WFSR/gaur001/PlantSeg/plantsegv3/images/train/squash_powdery_mildew_google_0190.jpg,25,25,25,25
871,/lustre/backup/WUR/WFSR/gaur001/PlantSeg/plantsegv3/images/train/squash_powdery_mildew_google_0192.jpg,25,25,26,25
872,/lustre/backup/WUR/WFSR/gaur001/PlantSeg/plantsegv3/images/val/squash_powdery_mildew_google_0193.jpg,25,25,25,25
873,/lustre/backup/WUR/WFSR/gaur001/PlantSeg/plantsegv3/images/val/squash_powdery_mildew_google_0198.jpg,25,25,25,25
874,/lustre/backup/WUR/WFSR/gaur001/PlantSeg/plantsegv3/images/train/squash_powdery_mildew_google_0202.jpg,25,25,20,25
875,/lustre/backup/WUR/WFSR/gaur001/PlantSeg/plantsegv3/images/train/squash_powdery_mildew_google_0210.jpg,25,25,25,25
876,/lustre/backup/WUR/WFSR/gaur001/PlantSeg/plantsegv3/images/train/squash_powdery_mildew_google_0213.jpg,25,25,25,25
877,/lustre/backup/WUR/WFSR/gaur001/PlantSeg/plantsegv3/images/train/squash_powdery_mildew_google_0214.jpg,25,25,18,25
878,/lustre/backup/WUR/WFSR/gaur001/PlantSeg/plantsegv3/images/train/squash_powdery_mildew_google_0215.jpg,25,25,25,25
879,/lustre/backup/WUR/WFSR/gaur001/PlantSeg/plantsegv3/images/train/squash_powdery_mildew_google_0227.jpg,25,25,25,25
880,/lustre/backup/WUR/WFSR/gaur001/PlantSeg/plantsegv3/images/train/squash_powdery_mildew_google_0233.jpg,25,25,25,25
881,/lustre/backup/WUR/WFSR/gaur001/PlantSeg/plantsegv3/images/train/squash_powdery_mildew_google_0236.jpg,25,25,25,25
882,/lustre/backup/WUR/WFSR/gaur001/PlantSeg/plantsegv3/images/train/squash_powdery_mildew_google_0244.jpg,25,25,8,25
883,/lustre/backup/WUR/WFSR/gaur001/PlantSeg/plantsegv3/images/train/squash_powdery_mildew_google_0247.jpg,25,25,25,25
884,/lustre/backup/WUR/WFSR/gaur001/PlantSeg/plantsegv3/images/train/squash_powdery_mildew_google_0248.jpg,25,25,25,25
885,/lustre/backup/WUR/WFSR/gaur001/PlantSeg/plantsegv3/images/train/squash_powdery_mildew_google_0275.jpg,25,25,25,25
886,/lustre/backup/WUR/WFSR/gaur001/PlantSeg/plantsegv3/images/train/squash_powdery_mildew_google_0285.jpg,25,25,25,25
887,/lustre/backup/WUR/WFSR/gaur001/PlantSeg/plantsegv3/images/val/squash_powdery_mildew_google_0286.jpg,25,25,25,25
888,/lustre/backup/WUR/WFSR/gaur001/PlantSeg/plantsegv3/images/train/squash_powdery_mildew_google_0287.jpg,25,25,9,9
889,/lustre/backup/WUR/WFSR/gaur001/PlantSeg/plantsegv3/images/train/squash_powdery_mildew_google_0299.jpg,25,25,25,25
890,/lustre/backup/WUR/WFSR/gaur001/PlantSeg/plantsegv3/images/train/squash_powdery_mildew_google_0304.jpg,25,25,25,25
891,/lustre/backup/WUR/WFSR/gaur001/PlantSeg/plantsegv3/images/train/squash_powdery_mildew_google_0312.jpg,25,25,25,25
892,/lustre/backup/WUR/WFSR/gaur001/PlantSeg/plantsegv3/images/train/squash_powdery_mildew_google_0329.jpg,25,25,25,9
893,/lustre/backup/WUR/WFSR/gaur001/PlantSeg/plantsegv3/images/train/squash_powdery_mildew_google_0350.jpg,25,25,25,25
894,/lustre/backup/WUR/WFSR/gaur001/PlantSeg/plantsegv3/images/train/squash_powdery_mildew_google_0354.jpg,25,25,25,25
895,/lustre/backup/WUR/WFSR/gaur001/PlantSeg/plantsegv3/images/val/squash_powdery_mildew_google_0363.jpg,25,25,25,25
896,/lustre/backup/WUR/WFSR/gaur001/PlantSeg/plantsegv3/images/train/squash_powdery_mildew_google_0365.jpg,25,25,25,25
897,/lustre/backup/WUR/WFSR/gaur001/PlantSeg/plantsegv3/images/train/squash_powdery_mildew_google_0375.jpg,25,25,25,25
898,/lustre/backup/WUR/WFSR/gaur001/PlantSeg/plantsegv3/images/train/squash_powdery_mildew_google_0376.jpg,25,25,25,25
899,/lustre/backup/WUR/WFSR/gaur001/PlantSeg/plantsegv3/images/train/squash_powdery_mildew_google_0378.jpg,25,25,25,25
900,/lustre/backup/WUR/WFSR/gaur001/PlantSeg/plantsegv3/images/train/squash_powdery_mildew_google_0389.jpg,25,25,25,25
901,/lustre/backup/WUR/WFSR/gaur001/PlantSeg/plantsegv3/images/train/squash_powdery_mildew_google_0410.jpg,25,25,25,25
902,/lustre/backup/WUR/WFSR/gaur001/PlantSeg/plantsegv3/images/train/strawberry_leaf_scorch_11.jpg,26,26,26,25
903,/lustre/backup/WUR/WFSR/gaur001/PlantSeg/plantsegv3/images/train/strawberry_leaf_scorch_6.jpg,26,26,26,9
904,/lustre/backup/WUR/WFSR/gaur001/PlantSeg/plantsegv3/images/train/strawberry_leaf_scorch_google_0000.jpg,26,26,26,9
905,/lustre/backup/WUR/WFSR/gaur001/PlantSeg/plantsegv3/images/train/strawberry_leaf_scorch_google_0001.jpg,26,26,26,9
906,/lustre/backup/WUR/WFSR/gaur001/PlantSeg/plantsegv3/images/train/strawberry_leaf_scorch_google_0002.jpg,26,26,26,9
907,/lustre/backup/WUR/WFSR/gaur001/PlantSeg/plantsegv3/images/train/strawberry_leaf_scorch_google_0003.jpg,26,26,26,9
908,/lustre/backup/WUR/WFSR/gaur001/PlantSeg/plantsegv3/images/train/strawberry_leaf_scorch_google_0006.jpg,26,26,26,9
909,/lustre/backup/WUR/WFSR/gaur001/PlantSeg/plantsegv3/images/val/strawberry_leaf_scorch_google_0007.jpg,26,26,25,25
910,/lustre/backup/WUR/WFSR/gaur001/PlantSeg/plantsegv3/images/train/strawberry_leaf_scorch_google_0008.jpg,26,26,26,9
911,/lustre/backup/WUR/WFSR/gaur001/PlantSeg/plantsegv3/images/val/strawberry_leaf_scorch_google_0010.jpg,26,26,26,9
912,/lustre/backup/WUR/WFSR/gaur001/PlantSeg/plantsegv3/images/train/strawberry_leaf_scorch_google_0014.jpg,26,26,25,26
913,/lustre/backup/WUR/WFSR/gaur001/PlantSeg/plantsegv3/images/val/strawberry_leaf_scorch_google_0015.jpg,26,26,9,9
914,/lustre/backup/WUR/WFSR/gaur001/PlantSeg/plantsegv3/images/train/strawberry_leaf_scorch_google_0016.jpg,26,26,26,25
915,/lustre/backup/WUR/WFSR/gaur001/PlantSeg/plantsegv3/images/train/strawberry_leaf_scorch_google_0018.jpg,26,26,3,9
916,/lustre/backup/WUR/WFSR/gaur001/PlantSeg/plantsegv3/images/train/strawberry_leaf_scorch_google_0020.jpg,26,26,9,9
917,/lustre/backup/WUR/WFSR/gaur001/PlantSeg/plantsegv3/images/train/strawberry_leaf_scorch_google_0022.jpg,26,26,26,9
918,/lustre/backup/WUR/WFSR/gaur001/PlantSeg/plantsegv3/images/train/strawberry_leaf_scorch_google_0025.jpg,26,26,26,9
919,/lustre/backup/WUR/WFSR/gaur001/PlantSeg/plantsegv3/images/train/strawberry_leaf_scorch_google_0026.jpg,26,26,26,25
920,/lustre/backup/WUR/WFSR/gaur001/PlantSeg/plantsegv3/images/train/strawberry_leaf_scorch_google_0030.jpg,26,26,26,9
921,/lustre/backup/WUR/WFSR/gaur001/PlantSeg/plantsegv3/images/train/strawberry_leaf_scorch_google_0031.jpg,26,26,26,9
922,/lustre/backup/WUR/WFSR/gaur001/PlantSeg/plantsegv3/images/train/strawberry_leaf_scorch_google_0035.jpg,26,26,26,9
923,/lustre/backup/WUR/WFSR/gaur001/PlantSeg/plantsegv3/images/val/strawberry_leaf_scorch_google_0045.jpg,26,26,26,9
924,/lustre/backup/WUR/WFSR/gaur001/PlantSeg/plantsegv3/images/train/strawberry_leaf_scorch_google_0068.jpg,26,26,26,25
925,/lustre/backup/WUR/WFSR/gaur001/PlantSeg/plantsegv3/images/train/strawberry_leaf_scorch_google_0074.jpg,26,26,26,26
926,/lustre/backup/WUR/WFSR/gaur001/PlantSeg/plantsegv3/images/train/strawberry_leaf_scorch_google_0082.jpg,26,26,3,9
927,/lustre/backup/WUR/WFSR/gaur001/PlantSeg/plantsegv3/images/val/strawberry_leaf_scorch_google_0109.jpg,26,26,26,9
928,/lustre/backup/WUR/WFSR/gaur001/PlantSeg/plantsegv3/images/train/strawberry_leaf_scorch_google_0123.jpg,26,26,26,26
929,/lustre/backup/WUR/WFSR/gaur001/PlantSeg/plantsegv3/images/train/strawberry_leaf_scorch_google_0159.jpg,26,26,26,25
930,/lustre/backup/WUR/WFSR/gaur001/PlantSeg/plantsegv3/images/train/strawberry_leaf_scorch_google_0171.jpg,26,26,26,26
931,/lustre/backup/WUR/WFSR/gaur001/PlantSeg/plantsegv3/images/train/strawberry_leaf_scorch_google_0175.jpg,26,26,0,26
932,/lustre/backup/WUR/WFSR/gaur001/PlantSeg/plantsegv3/images/train/strawberry_leaf_scorch_google_0187.jpg,26,26,9,9
933,/lustre/backup/WUR/WFSR/gaur001/PlantSeg/plantsegv3/images/val/tomato_early_blight_1.jpg,29,29,9,9
934,/lustre/backup/WUR/WFSR/gaur001/PlantSeg/plantsegv3/images/train/tomato_early_blight_12.jpg,29,29,9,9
935,/lustre/backup/WUR/WFSR/gaur001/PlantSeg/plantsegv3/images/train/tomato_early_blight_120.jpg,29,29,9,9
936,/lustre/backup/WUR/WFSR/gaur001/PlantSeg/plantsegv3/images/train/tomato_early_blight_121.jpg,29,29,21,25
937,/lustre/backup/WUR/WFSR/gaur001/PlantSeg/plantsegv3/images/train/tomato_early_blight_127.jpg,29,29,9,25
938,/lustre/backup/WUR/WFSR/gaur001/PlantSeg/plantsegv3/images/train/tomato_early_blight_13.jpg,29,29,29,25
939,/lustre/backup/WUR/WFSR/gaur001/PlantSeg/plantsegv3/images/train/tomato_early_blight_130.jpg,29,29,9,9
940,/lustre/backup/WUR/WFSR/gaur001/PlantSeg/plantsegv3/images/train/tomato_early_blight_137.jpg,29,29,21,25
941,/lustre/backup/WUR/WFSR/gaur001/PlantSeg/plantsegv3/images/train/tomato_early_blight_140.jpg,29,29,20,9
942,/lustre/backup/WUR/WFSR/gaur001/PlantSeg/plantsegv3/images/val/tomato_early_blight_143.jpg,29,29,9,25
943,/lustre/backup/WUR/WFSR/gaur001/PlantSeg/plantsegv3/images/train/tomato_early_blight_165.jpg,29,29,11,9
944,/lustre/backup/WUR/WFSR/gaur001/PlantSeg/plantsegv3/images/val/tomato_early_blight_177.jpg,29,29,20,20
945,/lustre/backup/WUR/WFSR/gaur001/PlantSeg/plantsegv3/images/train/tomato_early_blight_178.jpg,29,29,20,9
946,/lustre/backup/WUR/WFSR/gaur001/PlantSeg/plantsegv3/images/train/tomato_early_blight_179.jpg,29,29,25,25
947,/lustre/backup/WUR/WFSR/gaur001/PlantSeg/plantsegv3/images/train/tomato_early_blight_182.jpg,29,29,25,9
948,/lustre/backup/WUR/WFSR/gaur001/PlantSeg/plantsegv3/images/train/tomato_early_blight_183.jpg,29,29,9,9
949,/lustre/backup/WUR/WFSR/gaur001/PlantSeg/plantsegv3/images/train/tomato_early_blight_186.jpg,29,29,9,9
950,/lustre/backup/WUR/WFSR/gaur001/PlantSeg/plantsegv3/images/train/tomato_early_blight_189.jpg,29,29,31,25
951,/lustre/backup/WUR/WFSR/gaur001/PlantSeg/plantsegv3/images/train/tomato_early_blight_19.jpg,29,29,9,9
952,/lustre/backup/WUR/WFSR/gaur001/PlantSeg/plantsegv3/images/train/tomato_early_blight_193.jpg,29,29,18,9
953,/lustre/backup/WUR/WFSR/gaur001/PlantSeg/plantsegv3/images/train/tomato_early_blight_2.jpg,29,29,20,9
954,/lustre/backup/WUR/WFSR/gaur001/PlantSeg/plantsegv3/images/train/tomato_early_blight_21.jpg,29,29,25,9
955,/lustre/backup/WUR/WFSR/gaur001/PlantSeg/plantsegv3/images/train/tomato_early_blight_210.jpg,29,29,8,25
956,/lustre/backup/WUR/WFSR/gaur001/PlantSeg/plantsegv3/images/train/tomato_early_blight_212.jpg,29,29,3,20
957,/lustre/backup/WUR/WFSR/gaur001/PlantSeg/plantsegv3/images/train/tomato_early_blight_216.jpg,29,29,12,9
958,/lustre/backup/WUR/WFSR/gaur001/PlantSeg/plantsegv3/images/train/tomato_early_blight_219.jpg,29,29,9,9
959,/lustre/backup/WUR/WFSR/gaur001/PlantSeg/plantsegv3/images/train/tomato_early_blight_221.jpg,29,29,21,25
960,/lustre/backup/WUR/WFSR/gaur001/PlantSeg/plantsegv3/images/train/tomato_early_blight_227.jpg,29,29,31,9
961,/lustre/backup/WUR/WFSR/gaur001/PlantSeg/plantsegv3/images/train/tomato_early_blight_242.jpg,29,29,20,25
962,/lustre/backup/WUR/WFSR/gaur001/PlantSeg/plantsegv3/images/train/tomato_early_blight_246.jpg,29,29,20,25
963,/lustre/backup/WUR/WFSR/gaur001/PlantSeg/plantsegv3/images/train/tomato_early_blight_25.jpg,29,29,30,9
964,/lustre/backup/WUR/WFSR/gaur001/PlantSeg/plantsegv3/images/train/tomato_early_blight_251.jpg,29,29,9,9
965,/lustre/backup/WUR/WFSR/gaur001/PlantSeg/plantsegv3/images/val/tomato_early_blight_28.jpg,29,29,9,9
966,/lustre/backup/WUR/WFSR/gaur001/PlantSeg/plantsegv3/images/train/tomato_early_blight_287.jpg,29,29,9,9
967,/lustre/backup/WUR/WFSR/gaur001/PlantSeg/plantsegv3/images/train/tomato_early_blight_29.jpg,29,29,8,25
968,/lustre/backup/WUR/WFSR/gaur001/PlantSeg/plantsegv3/images/val/tomato_early_blight_3.jpg,29,29,9,9
969,/lustre/backup/WUR/WFSR/gaur001/PlantSeg/plantsegv3/images/train/tomato_early_blight_316.jpg,29,29,9,9
970,/lustre/backup/WUR/WFSR/gaur001/PlantSeg/plantsegv3/images/train/tomato_early_blight_38.jpg,29,29,25,9
971,/lustre/backup/WUR/WFSR/gaur001/PlantSeg/plantsegv3/images/train/tomato_early_blight_39.jpg,29,29,9,9
972,/lustre/backup/WUR/WFSR/gaur001/PlantSeg/plantsegv3/images/train/tomato_early_blight_43.jpg,29,29,9,9
973,/lustre/backup/WUR/WFSR/gaur001/PlantSeg/plantsegv3/images/val/tomato_early_blight_47.jpg,29,29,29,9
974,/lustre/backup/WUR/WFSR/gaur001/PlantSeg/plantsegv3/images/train/tomato_early_blight_52.jpg,29,29,25,25
975,/lustre/backup/WUR/WFSR/gaur001/PlantSeg/plantsegv3/images/train/tomato_early_blight_53.jpg,29,29,25,25
976,/lustre/backup/WUR/WFSR/gaur001/PlantSeg/plantsegv3/images/train/tomato_early_blight_55.jpg,29,29,20,9
977,/lustre/backup/WUR/WFSR/gaur001/PlantSeg/plantsegv3/images/train/tomato_early_blight_6.jpg,29,29,26,9
978,/lustre/backup/WUR/WFSR/gaur001/PlantSeg/plantsegv3/images/train/tomato_early_blight_66.jpg,29,29,9,25
979,/lustre/backup/WUR/WFSR/gaur001/PlantSeg/plantsegv3/images/train/tomato_early_blight_67.jpg,29,29,30,9
980,/lustre/backup/WUR/WFSR/gaur001/PlantSeg/plantsegv3/images/train/tomato_early_blight_7.jpg,29,29,9,9
981,/lustre/backup/WUR/WFSR/gaur001/PlantSeg/plantsegv3/images/train/tomato_early_blight_86.jpg,29,29,25,25
982,/lustre/backup/WUR/WFSR/gaur001/PlantSeg/plantsegv3/images/train/tomato_early_blight_87.jpg,29,29,9,9
983,/lustre/backup/WUR/WFSR/gaur001/PlantSeg/plantsegv3/images/val/tomato_early_blight_89.jpg,29,29,30,21
984,/lustre/backup/WUR/WFSR/gaur001/PlantSeg/plantsegv3/images/train/tomato_early_blight_93.jpg,29,29,9,9
985,/lustre/backup/WUR/WFSR/gaur001/PlantSeg/plantsegv3/images/train/tomato_early_blight_google_0002.jpg,29,29,9,9
986,/lustre/backup/WUR/WFSR/gaur001/PlantSeg/plantsegv3/images/train/tomato_early_blight_google_0003.jpg,29,29,9,9
987,/lustre/backup/WUR/WFSR/gaur001/PlantSeg/plantsegv3/images/val/tomato_early_blight_google_0005.jpg,29,29,9,25
988,/lustre/backup/WUR/WFSR/gaur001/PlantSeg/plantsegv3/images/train/tomato_early_blight_google_0007.jpg,29,29,20,20
989,/lustre/backup/WUR/WFSR/gaur001/PlantSeg/plantsegv3/images/train/tomato_early_blight_google_0013.jpg,29,29,31,9
990,/lustre/backup/WUR/WFSR/gaur001/PlantSeg/plantsegv3/images/train/tomato_early_blight_google_0014.jpg,29,29,9,9
991,/lustre/backup/WUR/WFSR/gaur001/PlantSeg/plantsegv3/images/train/tomato_early_blight_google_0015.jpg,29,29,9,9
992,/lustre/backup/WUR/WFSR/gaur001/PlantSeg/plantsegv3/images/train/tomato_early_blight_google_0018.jpg,29,29,21,9
993,/lustre/backup/WUR/WFSR/gaur001/PlantSeg/plantsegv3/images/train/tomato_early_blight_google_0020.jpg,29,29,20,20
994,/lustre/backup/WUR/WFSR/gaur001/PlantSeg/plantsegv3/images/train/tomato_early_blight_google_0021.jpg,29,29,9,9
995,/lustre/backup/WUR/WFSR/gaur001/PlantSeg/plantsegv3/images/train/tomato_early_blight_google_0024.jpg,29,29,20,25
996,/lustre/backup/WUR/WFSR/gaur001/PlantSeg/plantsegv3/images/train/tomato_early_blight_google_0032.jpg,29,29,20,9
997,/lustre/backup/WUR/WFSR/gaur001/PlantSeg/plantsegv3/images/train/tomato_early_blight_google_0033.jpg,29,29,31,9
998,/lustre/backup/WUR/WFSR/gaur001/PlantSeg/plantsegv3/images/train/tomato_early_blight_google_0036.jpg,29,29,26,9
999,/lustre/backup/WUR/WFSR/gaur001/PlantSeg/plantsegv3/images/train/tomato_early_blight_google_0040.jpg,29,29,9,9
1000,/lustre/backup/WUR/WFSR/gaur001/PlantSeg/plantsegv3/images/train/tomato_early_blight_google_0042.jpg,29,29,9,20
1001,/lustre/backup/WUR/WFSR/gaur001/PlantSeg/plantsegv3/images/train/tomato_early_blight_google_0043.jpg,29,29,9,25
1002,/lustre/backup/WUR/WFSR/gaur001/PlantSeg/plantsegv3/images/train/tomato_early_blight_google_0044.jpg,29,29,21,9
1003,/lustre/backup/WUR/WFSR/gaur001/PlantSeg/plantsegv3/images/train/tomato_early_blight_google_0047.jpg,29,29,26,9
1004,/lustre/backup/WUR/WFSR/gaur001/PlantSeg/plantsegv3/images/val/tomato_early_blight_google_0048.jpg,29,29,9,9
1005,/lustre/backup/WUR/WFSR/gaur001/PlantSeg/plantsegv3/images/val/tomato_early_blight_google_0052.jpg,29,29,31,25
1006,/lustre/backup/WUR/WFSR/gaur001/PlantSeg/plantsegv3/images/train/tomato_early_blight_google_0053.jpg,29,29,20,9
1007,/lustre/backup/WUR/WFSR/gaur001/PlantSeg/plantsegv3/images/train/tomato_early_blight_google_0054.jpg,29,29,9,9
1008,/lustre/backup/WUR/WFSR/gaur001/PlantSeg/plantsegv3/images/train/tomato_early_blight_google_0055.jpg,29,29,20,9
1009,/lustre/backup/WUR/WFSR/gaur001/PlantSeg/plantsegv3/images/train/tomato_early_blight_google_0071.jpg,29,29,31,25
1010,/lustre/backup/WUR/WFSR/gaur001/PlantSeg/plantsegv3/images/train/tomato_early_blight_google_0073.jpg,29,29,9,9
1011,/lustre/backup/WUR/WFSR/gaur001/PlantSeg/plantsegv3/images/train/tomato_early_blight_google_0074.jpg,29,29,20,9
1012,/lustre/backup/WUR/WFSR/gaur001/PlantSeg/plantsegv3/images/train/tomato_early_blight_google_0076.jpg,29,29,9,9
1013,/lustre/backup/WUR/WFSR/gaur001/PlantSeg/plantsegv3/images/train/tomato_early_blight_google_0077.jpg,29,29,29,9
1014,/lustre/backup/WUR/WFSR/gaur001/PlantSeg/plantsegv3/images/val/tomato_early_blight_google_0080.jpg,29,29,9,21
1015,/lustre/backup/WUR/WFSR/gaur001/PlantSeg/plantsegv3/images/train/tomato_early_blight_google_0081.jpg,29,29,9,9
1016,/lustre/backup/WUR/WFSR/gaur001/PlantSeg/plantsegv3/images/val/tomato_early_blight_google_0088.jpg,29,29,29,25
1017,/lustre/backup/WUR/WFSR/gaur001/PlantSeg/plantsegv3/images/val/tomato_early_blight_google_0091.jpg,29,29,25,32
1018,/lustre/backup/WUR/WFSR/gaur001/PlantSeg/plantsegv3/images/train/tomato_early_blight_google_0093.jpg,29,29,9,9
1019,/lustre/backup/WUR/WFSR/gaur001/PlantSeg/plantsegv3/images/train/tomato_early_blight_google_0098.jpg,29,29,15,9
1020,/lustre/backup/WUR/WFSR/gaur001/PlantSeg/plantsegv3/images/train/tomato_early_blight_google_0099.jpg,29,29,9,9
1021,/lustre/backup/WUR/WFSR/gaur001/PlantSeg/plantsegv3/images/train/tomato_early_blight_google_0101.jpg,29,29,21,9
1022,/lustre/backup/WUR/WFSR/gaur001/PlantSeg/plantsegv3/images/train/tomato_early_blight_google_0103.jpg,29,29,3,25
1023,/lustre/backup/WUR/WFSR/gaur001/PlantSeg/plantsegv3/images/train/tomato_early_blight_google_0110.jpg,29,29,26,9
1024,/lustre/backup/WUR/WFSR/gaur001/PlantSeg/plantsegv3/images/train/tomato_early_blight_google_0111.jpg,29,29,9,25
1025,/lustre/backup/WUR/WFSR/gaur001/PlantSeg/plantsegv3/images/train/tomato_early_blight_google_0117.jpg,29,29,9,9
1026,/lustre/backup/WUR/WFSR/gaur001/PlantSeg/plantsegv3/images/train/tomato_early_blight_google_0120.jpg,29,29,26,26
1027,/lustre/backup/WUR/WFSR/gaur001/PlantSeg/plantsegv3/images/train/tomato_early_blight_google_0123.jpg,29,29,9,9
1028,/lustre/backup/WUR/WFSR/gaur001/PlantSeg/plantsegv3/images/train/tomato_early_blight_google_0130.jpg,29,29,26,25
1029,/lustre/backup/WUR/WFSR/gaur001/PlantSeg/plantsegv3/images/train/tomato_early_blight_google_0133.jpg,29,29,20,20
1030,/lustre/backup/WUR/WFSR/gaur001/PlantSeg/plantsegv3/images/train/tomato_early_blight_google_0139.jpg,29,29,26,25
1031,/lustre/backup/WUR/WFSR/gaur001/PlantSeg/plantsegv3/images/train/tomato_early_blight_google_0140.jpg,29,29,9,9
1032,/lustre/backup/WUR/WFSR/gaur001/PlantSeg/plantsegv3/images/train/tomato_early_blight_google_0143.jpg,29,29,9,9
1033,/lustre/backup/WUR/WFSR/gaur001/PlantSeg/plantsegv3/images/train/tomato_early_blight_google_0145.jpg,29,29,31,9
1034,/lustre/backup/WUR/WFSR/gaur001/PlantSeg/plantsegv3/images/train/tomato_early_blight_google_0146.jpg,29,29,11,25
1035,/lustre/backup/WUR/WFSR/gaur001/PlantSeg/plantsegv3/images/train/tomato_early_blight_google_0149.jpg,29,29,26,9
1036,/lustre/backup/WUR/WFSR/gaur001/PlantSeg/plantsegv3/images/val/tomato_early_blight_google_0160.jpg,29,29,9,9
1037,/lustre/backup/WUR/WFSR/gaur001/PlantSeg/plantsegv3/images/train/tomato_early_blight_google_0173.jpg,29,29,26,25
1038,/lustre/backup/WUR/WFSR/gaur001/PlantSeg/plantsegv3/images/train/tomato_early_blight_google_0178.jpg,29,29,20,21
1039,/lustre/backup/WUR/WFSR/gaur001/PlantSeg/plantsegv3/images/train/tomato_early_blight_google_0179.jpg,29,29,9,20
1040,/lustre/backup/WUR/WFSR/gaur001/PlantSeg/plantsegv3/images/train/tomato_early_blight_google_0181.jpg,29,29,20,25
1041,/lustre/backup/WUR/WFSR/gaur001/PlantSeg/plantsegv3/images/train/tomato_early_blight_google_0183.jpg,29,29,9,9
1042,/lustre/backup/WUR/WFSR/gaur001/PlantSeg/plantsegv3/images/train/tomato_early_blight_google_0185.jpg,29,29,9,9
1043,/lustre/backup/WUR/WFSR/gaur001/PlantSeg/plantsegv3/images/train/tomato_early_blight_google_0200.jpg,29,29,20,9
1044,/lustre/backup/WUR/WFSR/gaur001/PlantSeg/plantsegv3/images/train/tomato_early_blight_google_0211.jpg,29,29,9,25
1045,/lustre/backup/WUR/WFSR/gaur001/PlantSeg/plantsegv3/images/train/tomato_early_blight_google_0219.jpg,29,29,18,20
1046,/lustre/backup/WUR/WFSR/gaur001/PlantSeg/plantsegv3/images/train/tomato_early_blight_google_0220.jpg,29,29,25,25
1047,/lustre/backup/WUR/WFSR/gaur001/PlantSeg/plantsegv3/images/train/tomato_early_blight_google_0223.jpg,29,29,25,9
1048,/lustre/backup/WUR/WFSR/gaur001/PlantSeg/plantsegv3/images/train/tomato_early_blight_google_0224.jpg,29,29,9,9
1049,/lustre/backup/WUR/WFSR/gaur001/PlantSeg/plantsegv3/images/train/tomato_early_blight_google_0226.jpg,29,29,0,20
1050,/lustre/backup/WUR/WFSR/gaur001/PlantSeg/plantsegv3/images/train/tomato_early_blight_google_0227.jpg,29,29,16,9
1051,/lustre/backup/WUR/WFSR/gaur001/PlantSeg/plantsegv3/images/val/tomato_early_blight_google_0230.jpg,29,29,29,20
1052,/lustre/backup/WUR/WFSR/gaur001/PlantSeg/plantsegv3/images/train/tomato_early_blight_google_0233.jpg,29,29,3,25
1053,/lustre/backup/WUR/WFSR/gaur001/PlantSeg/plantsegv3/images/train/tomato_early_blight_google_0235.jpg,29,29,9,9
1054,/lustre/backup/WUR/WFSR/gaur001/PlantSeg/plantsegv3/images/train/tomato_early_blight_google_0246.jpg,29,29,9,9
1055,/lustre/backup/WUR/WFSR/gaur001/PlantSeg/plantsegv3/images/val/tomato_early_blight_google_0250.jpg,29,29,26,9
1056,/lustre/backup/WUR/WFSR/gaur001/PlantSeg/plantsegv3/images/train/tomato_early_blight_google_0258.jpg,29,29,31,9
1057,/lustre/backup/WUR/WFSR/gaur001/PlantSeg/plantsegv3/images/train/tomato_early_blight_google_0259.jpg,29,29,1,9
1058,/lustre/backup/WUR/WFSR/gaur001/PlantSeg/plantsegv3/images/train/tomato_early_blight_google_0260.jpg,29,29,28,28
1059,/lustre/backup/WUR/WFSR/gaur001/PlantSeg/plantsegv3/images/train/tomato_early_blight_google_0271.jpg,29,29,20,9
1060,/lustre/backup/WUR/WFSR/gaur001/PlantSeg/plantsegv3/images/train/tomato_early_blight_google_0280.jpg,29,29,9,20
1061,/lustre/backup/WUR/WFSR/gaur001/PlantSeg/plantsegv3/images/val/tomato_early_blight_google_0290.jpg,29,29,9,9
1062,/lustre/backup/WUR/WFSR/gaur001/PlantSeg/plantsegv3/images/train/tomato_early_blight_google_0305.jpg,29,29,9,20
1063,/lustre/backup/WUR/WFSR/gaur001/PlantSeg/plantsegv3/images/val/tomato_early_blight_google_0310.jpg,29,29,9,9
1064,/lustre/backup/WUR/WFSR/gaur001/PlantSeg/plantsegv3/images/train/tomato_early_blight_google_0322.jpg,29,29,26,9
1065,/lustre/backup/WUR/WFSR/gaur001/PlantSeg/plantsegv3/images/train/tomato_early_blight_google_0343.jpg,29,29,9,9
1066,/lustre/backup/WUR/WFSR/gaur001/PlantSeg/plantsegv3/images/train/tomato_early_blight_google_0344.jpg,29,29,26,9
1067,/lustre/backup/WUR/WFSR/gaur001/PlantSeg/plantsegv3/images/train/tomato_early_blight_google_0345.jpg,29,29,9,9
1068,/lustre/backup/WUR/WFSR/gaur001/PlantSeg/plantsegv3/images/train/tomato_early_blight_google_0347.jpg,29,29,26,9
1069,/lustre/backup/WUR/WFSR/gaur001/PlantSeg/plantsegv3/images/train/tomato_early_blight_google_0349.jpg,29,29,20,25
1070,/lustre/backup/WUR/WFSR/gaur001/PlantSeg/plantsegv3/images/train/tomato_early_blight_google_0350.jpg,29,29,25,9
1071,/lustre/backup/WUR/WFSR/gaur001/PlantSeg/plantsegv3/images/train/tomato_early_blight_google_0353.jpg,29,29,9,25
1072,/lustre/backup/WUR/WFSR/gaur001/PlantSeg/plantsegv3/images/train/tomato_early_blight_google_0358.jpg,29,29,29,9
1073,/lustre/backup/WUR/WFSR/gaur001/PlantSeg/plantsegv3/images/train/tomato_early_blight_google_0362.jpg,29,29,26,9
1074,/lustre/backup/WUR/WFSR/gaur001/PlantSeg/plantsegv3/images/train/tomato_early_blight_google_0374.jpg,29,29,25,25
1075,/lustre/backup/WUR/WFSR/gaur001/PlantSeg/plantsegv3/images/val/tomato_early_blight_google_0383.jpg,29,29,29,9
1076,/lustre/backup/WUR/WFSR/gaur001/PlantSeg/plantsegv3/images/train/tomato_early_blight_google_0386.jpg,29,29,29,9
1077,/lustre/backup/WUR/WFSR/gaur001/PlantSeg/plantsegv3/images/train/tomato_early_blight_google_0390.jpg,29,29,9,9
1078,/lustre/backup/WUR/WFSR/gaur001/PlantSeg/plantsegv3/images/train/tomato_early_blight_google_0394.jpg,29,29,21,9
1079,/lustre/backup/WUR/WFSR/gaur001/PlantSeg/plantsegv3/images/train/tomato_early_blight_google_0397.jpg,29,29,21,25
1080,/lustre/backup/WUR/WFSR/gaur001/PlantSeg/plantsegv3/images/train/tomato_early_blight_google_0400.jpg,29,29,20,9
1081,/lustre/backup/WUR/WFSR/gaur001/PlantSeg/plantsegv3/images/val/tomato_early_blight_google_0406.jpg,29,29,20,9
1082,/lustre/backup/WUR/WFSR/gaur001/PlantSeg/plantsegv3/images/train/tomato_early_blight_google_0432.jpg,29,29,31,9
1083,/lustre/backup/WUR/WFSR/gaur001/PlantSeg/plantsegv3/images/train/tomato_late_blight_100.jpg,30,30,25,25
1084,/lustre/backup/WUR/WFSR/gaur001/PlantSeg/plantsegv3/images/val/tomato_late_blight_104.jpg,30,30,21,9
1085,/lustre/backup/WUR/WFSR/gaur001/PlantSeg/plantsegv3/images/train/tomato_late_blight_107.jpg,30,30,9,9
1086,/lustre/backup/WUR/WFSR/gaur001/PlantSeg/plantsegv3/images/train/tomato_late_blight_122.jpg,30,30,25,25
1087,/lustre/backup/WUR/WFSR/gaur001/PlantSeg/plantsegv3/images/train/tomato_late_blight_127.jpg,30,30,25,25
1088,/lustre/backup/WUR/WFSR/gaur001/PlantSeg/plantsegv3/images/train/tomato_late_blight_13.jpg,30,30,9,9
1089,/lustre/backup/WUR/WFSR/gaur001/PlantSeg/plantsegv3/images/train/tomato_late_blight_130.jpg,30,30,19,25
1090,/lustre/backup/WUR/WFSR/gaur001/PlantSeg/plantsegv3/images/train/tomato_late_blight_135.jpg,30,30,12,31
1091,/lustre/backup/WUR/WFSR/gaur001/PlantSeg/plantsegv3/images/train/tomato_late_blight_137.jpg,30,30,31,9
1092,/lustre/backup/WUR/WFSR/gaur001/PlantSeg/plantsegv3/images/train/tomato_late_blight_143.jpg,30,30,20,9
1093,/lustre/backup/WUR/WFSR/gaur001/PlantSeg/plantsegv3/images/train/tomato_late_blight_149.jpg,30,30,25,9
1094,/lustre/backup/WUR/WFSR/gaur001/PlantSeg/plantsegv3/images/train/tomato_late_blight_159.jpg,30,30,9,10
1095,/lustre/backup/WUR/WFSR/gaur001/PlantSeg/plantsegv3/images/train/tomato_late_blight_16.jpg,30,30,26,25
1096,/lustre/backup/WUR/WFSR/gaur001/PlantSeg/plantsegv3/images/train/tomato_late_blight_162.jpg,30,30,15,9
1097,/lustre/backup/WUR/WFSR/gaur001/PlantSeg/plantsegv3/images/train/tomato_late_blight_163.jpg,30,30,20,9
1098,/lustre/backup/WUR/WFSR/gaur001/PlantSeg/plantsegv3/images/train/tomato_late_blight_166.jpg,30,30,3,9
1099,/lustre/backup/WUR/WFSR/gaur001/PlantSeg/plantsegv3/images/train/tomato_late_blight_168.jpg,30,30,9,9
1100,/lustre/backup/WUR/WFSR/gaur001/PlantSeg/plantsegv3/images/train/tomato_late_blight_170.jpg,30,30,9,9
1101,/lustre/backup/WUR/WFSR/gaur001/PlantSeg/plantsegv3/images/train/tomato_late_blight_171.jpg,30,30,31,9
1102,/lustre/backup/WUR/WFSR/gaur001/PlantSeg/plantsegv3/images/train/tomato_late_blight_173.jpg,30,30,21,9
1103,/lustre/backup/WUR/WFSR/gaur001/PlantSeg/plantsegv3/images/train/tomato_late_blight_175.jpg,30,30,21,9
1104,/lustre/backup/WUR/WFSR/gaur001/PlantSeg/plantsegv3/images/train/tomato_late_blight_179.jpg,30,30,25,20
1105,/lustre/backup/WUR/WFSR/gaur001/PlantSeg/plantsegv3/images/train/tomato_late_blight_18.jpg,30,30,25,25
1106,/lustre/backup/WUR/WFSR/gaur001/PlantSeg/plantsegv3/images/train/tomato_late_blight_186.jpg,30,30,25,9
1107,/lustre/backup/WUR/WFSR/gaur001/PlantSeg/plantsegv3/images/train/tomato_late_blight_189.jpg,30,30,26,9
1108,/lustre/backup/WUR/WFSR/gaur001/PlantSeg/plantsegv3/images/train/tomato_late_blight_190.jpg,30,30,28,9
1109,/lustre/backup/WUR/WFSR/gaur001/PlantSeg/plantsegv3/images/train/tomato_late_blight_198.jpg,30,30,31,31
1110,/lustre/backup/WUR/WFSR/gaur001/PlantSeg/plantsegv3/images/train/tomato_late_blight_203.jpg,30,30,9,9
1111,/lustre/backup/WUR/WFSR/gaur001/PlantSeg/plantsegv3/images/train/tomato_late_blight_216.jpg,30,30,9,9
1112,/lustre/backup/WUR/WFSR/gaur001/PlantSeg/plantsegv3/images/train/tomato_late_blight_217.jpg,30,30,9,9
1113,/lustre/backup/WUR/WFSR/gaur001/PlantSeg/plantsegv3/images/train/tomato_late_blight_220.jpg,30,30,27,9
1114,/lustre/backup/WUR/WFSR/gaur001/PlantSeg/plantsegv3/images/train/tomato_late_blight_223.jpg,30,30,19,9
1115,/lustre/backup/WUR/WFSR/gaur001/PlantSeg/plantsegv3/images/train/tomato_late_blight_234.jpg,30,30,3,25
1116,/lustre/backup/WUR/WFSR/gaur001/PlantSeg/plantsegv3/images/train/tomato_late_blight_238.jpg,30,30,9,9
1117,/lustre/backup/WUR/WFSR/gaur001/PlantSeg/plantsegv3/images/train/tomato_late_blight_24.jpg,30,30,9,9
1118,/lustre/backup/WUR/WFSR/gaur001/PlantSeg/plantsegv3/images/train/tomato_late_blight_246.jpg,30,30,25,9
1119,/lustre/backup/WUR/WFSR/gaur001/PlantSeg/plantsegv3/images/train/tomato_late_blight_25.jpg,30,30,26,25
1120,/lustre/backup/WUR/WFSR/gaur001/PlantSeg/plantsegv3/images/train/tomato_late_blight_3.jpg,30,30,25,9
1121,/lustre/backup/WUR/WFSR/gaur001/PlantSeg/plantsegv3/images/train/tomato_late_blight_30.jpg,30,30,25,9
1122,/lustre/backup/WUR/WFSR/gaur001/PlantSeg/plantsegv3/images/train/tomato_late_blight_31.jpg,30,30,9,9
1123,/lustre/backup/WUR/WFSR/gaur001/PlantSeg/plantsegv3/images/val/tomato_late_blight_33.jpg,30,30,25,25
1124,/lustre/backup/WUR/WFSR/gaur001/PlantSeg/plantsegv3/images/train/tomato_late_blight_36.jpg,30,30,9,9
1125,/lustre/backup/WUR/WFSR/gaur001/PlantSeg/plantsegv3/images/train/tomato_late_blight_39.jpg,30,30,25,9
1126,/lustre/backup/WUR/WFSR/gaur001/PlantSeg/plantsegv3/images/train/tomato_late_blight_4.jpg,30,30,9,9
1127,/lustre/backup/WUR/WFSR/gaur001/PlantSeg/plantsegv3/images/val/tomato_late_blight_41.jpg,30,30,20,9
1128,/lustre/backup/WUR/WFSR/gaur001/PlantSeg/plantsegv3/images/train/tomato_late_blight_44.jpg,30,30,9,9
1129,/lustre/backup/WUR/WFSR/gaur001/PlantSeg/plantsegv3/images/train/tomato_late_blight_5.jpg,30,30,9,25
1130,/lustre/backup/WUR/WFSR/gaur001/PlantSeg/plantsegv3/images/train/tomato_late_blight_50.jpg,30,30,25,25
1131,/lustre/backup/WUR/WFSR/gaur001/PlantSeg/plantsegv3/images/train/tomato_late_blight_51.jpg,30,30,9,25
1132,/lustre/backup/WUR/WFSR/gaur001/PlantSeg/plantsegv3/images/train/tomato_late_blight_56.jpg,30,30,31,9
1133,/lustre/backup/WUR/WFSR/gaur001/PlantSeg/plantsegv3/images/train/tomato_late_blight_57.jpg,30,30,25,9
1134,/lustre/backup/WUR/WFSR/gaur001/PlantSeg/plantsegv3/images/train/tomato_late_blight_6.jpg,30,30,9,25
1135,/lustre/backup/WUR/WFSR/gaur001/PlantSeg/plantsegv3/images/train/tomato_late_blight_66.jpg,30,30,9,9
1136,/lustre/backup/WUR/WFSR/gaur001/PlantSeg/plantsegv3/images/train/tomato_late_blight_68.jpg,30,30,9,9
1137,/lustre/backup/WUR/WFSR/gaur001/PlantSeg/plantsegv3/images/val/tomato_late_blight_69.jpg,30,30,29,9
1138,/lustre/backup/WUR/WFSR/gaur001/PlantSeg/plantsegv3/images/train/tomato_late_blight_7.jpg,30,30,25,25
1139,/lustre/backup/WUR/WFSR/gaur001/PlantSeg/plantsegv3/images/train/tomato_late_blight_75.jpg,30,30,9,9
1140,/lustre/backup/WUR/WFSR/gaur001/PlantSeg/plantsegv3/images/train/tomato_late_blight_77.jpg,30,30,9,25
1141,/lustre/backup/WUR/WFSR/gaur001/PlantSeg/plantsegv3/images/train/tomato_late_blight_78.jpg,30,30,9,9
1142,/lustre/backup/WUR/WFSR/gaur001/PlantSeg/plantsegv3/images/val/tomato_late_blight_79.jpg,30,30,3,9
1143,/lustre/backup/WUR/WFSR/gaur001/PlantSeg/plantsegv3/images/train/tomato_late_blight_8.jpg,30,30,9,9
1144,/lustre/backup/WUR/WFSR/gaur001/PlantSeg/plantsegv3/images/train/tomato_late_blight_81.jpg,30,30,9,25
1145,/lustre/backup/WUR/WFSR/gaur001/PlantSeg/plantsegv3/images/train/tomato_late_blight_83.jpg,30,30,25,9
1146,/lustre/backup/WUR/WFSR/gaur001/PlantSeg/plantsegv3/images/train/tomato_late_blight_84.jpg,30,30,31,9
1147,/lustre/backup/WUR/WFSR/gaur001/PlantSeg/plantsegv3/images/train/tomato_late_blight_86.jpg,30,30,9,25
1148,/lustre/backup/WUR/WFSR/gaur001/PlantSeg/plantsegv3/images/train/tomato_late_blight_90.jpg,30,30,26,25
1149,/lustre/backup/WUR/WFSR/gaur001/PlantSeg/plantsegv3/images/train/tomato_late_blight_98.jpg,30,30,31,9
1150,/lustre/backup/WUR/WFSR/gaur001/PlantSeg/plantsegv3/images/train/tomato_late_blight_google_0000.jpg,30,30,25,9
1151,/lustre/backup/WUR/WFSR/gaur001/PlantSeg/plantsegv3/images/train/tomato_late_blight_google_0005.jpg,30,30,25,9
1152,/lustre/backup/WUR/WFSR/gaur001/PlantSeg/plantsegv3/images/val/tomato_late_blight_google_0007.jpg,30,30,25,9
1153,/lustre/backup/WUR/WFSR/gaur001/PlantSeg/plantsegv3/images/train/tomato_late_blight_google_0012.jpg,30,30,9,9
1154,/lustre/backup/WUR/WFSR/gaur001/PlantSeg/plantsegv3/images/train/tomato_late_blight_google_0013.jpg,30,30,11,9
1155,/lustre/backup/WUR/WFSR/gaur001/PlantSeg/plantsegv3/images/train/tomato_late_blight_google_0015.jpg,30,30,25,9
1156,/lustre/backup/WUR/WFSR/gaur001/PlantSeg/plantsegv3/images/train/tomato_late_blight_google_0016.jpg,30,30,20,25
1157,/lustre/backup/WUR/WFSR/gaur001/PlantSeg/plantsegv3/images/train/tomato_late_blight_google_0021.jpg,30,30,9,9
1158,/lustre/backup/WUR/WFSR/gaur001/PlantSeg/plantsegv3/images/train/tomato_late_blight_google_0031.jpg,30,30,9,25
1159,/lustre/backup/WUR/WFSR/gaur001/PlantSeg/plantsegv3/images/val/tomato_late_blight_google_0032.jpg,30,30,25,9
1160,/lustre/backup/WUR/WFSR/gaur001/PlantSeg/plantsegv3/images/train/tomato_late_blight_google_0035.jpg,30,30,25,9
1161,/lustre/backup/WUR/WFSR/gaur001/PlantSeg/plantsegv3/images/train/tomato_late_blight_google_0043.jpg,30,30,9,9
1162,/lustre/backup/WUR/WFSR/gaur001/PlantSeg/plantsegv3/images/train/tomato_late_blight_google_0044.jpg,30,30,9,9
1163,/lustre/backup/WUR/WFSR/gaur001/PlantSeg/plantsegv3/images/val/tomato_late_blight_google_0048.jpg,30,30,3,9
1164,/lustre/backup/WUR/WFSR/gaur001/PlantSeg/plantsegv3/images/train/tomato_late_blight_google_0050.jpg,30,30,9,9
1165,/lustre/backup/WUR/WFSR/gaur001/PlantSeg/plantsegv3/images/train/tomato_late_blight_google_0056.jpg,30,30,9,9
1166,/lustre/backup/WUR/WFSR/gaur001/PlantSeg/plantsegv3/images/train/tomato_late_blight_google_0058.jpg,30,30,3,9
1167,/lustre/backup/WUR/WFSR/gaur001/PlantSeg/plantsegv3/images/train/tomato_late_blight_google_0065.jpg,30,30,21,31
1168,/lustre/backup/WUR/WFSR/gaur001/PlantSeg/plantsegv3/images/train/tomato_late_blight_google_0066.jpg,30,30,25,9
1169,/lustre/backup/WUR/WFSR/gaur001/PlantSeg/plantsegv3/images/train/tomato_late_blight_google_0074.jpg,30,30,21,9
1170,/lustre/backup/WUR/WFSR/gaur001/PlantSeg/plantsegv3/images/train/tomato_late_blight_google_0077.jpg,30,30,9,25
1171,/lustre/backup/WUR/WFSR/gaur001/PlantSeg/plantsegv3/images/train/tomato_late_blight_google_0083.jpg,30,30,29,9
1172,/lustre/backup/WUR/WFSR/gaur001/PlantSeg/plantsegv3/images/train/tomato_late_blight_google_0085.jpg,30,30,25,9
1173,/lustre/backup/WUR/WFSR/gaur001/PlantSeg/plantsegv3/images/val/tomato_late_blight_google_0087.jpg,30,30,15,9
1174,/lustre/backup/WUR/WFSR/gaur001/PlantSeg/plantsegv3/images/train/tomato_late_blight_google_0091.jpg,30,30,3,9
1175,/lustre/backup/WUR/WFSR/gaur001/PlantSeg/plantsegv3/images/train/tomato_late_blight_google_0092.jpg,30,30,26,9
1176,/lustre/backup/WUR/WFSR/gaur001/PlantSeg/plantsegv3/images/train/tomato_late_blight_google_0096.jpg,30,30,21,25
1177,/lustre/backup/WUR/WFSR/gaur001/PlantSeg/plantsegv3/images/val/tomato_late_blight_google_0100.jpg,30,30,9,9
1178,/lustre/backup/WUR/WFSR/gaur001/PlantSeg/plantsegv3/images/train/tomato_late_blight_google_0101.jpg,30,30,20,9
1179,/lustre/backup/WUR/WFSR/gaur001/PlantSeg/plantsegv3/images/train/tomato_late_blight_google_0107.jpg,30,30,9,25
1180,/lustre/backup/WUR/WFSR/gaur001/PlantSeg/plantsegv3/images/train/tomato_late_blight_google_0110.jpg,30,30,30,25
1181,/lustre/backup/WUR/WFSR/gaur001/PlantSeg/plantsegv3/images/train/tomato_late_blight_google_0116.jpg,30,30,9,9
1182,/lustre/backup/WUR/WFSR/gaur001/PlantSeg/plantsegv3/images/train/tomato_late_blight_google_0117.jpg,30,30,9,25
1183,/lustre/backup/WUR/WFSR/gaur001/PlantSeg/plantsegv3/images/val/tomato_late_blight_google_0120.jpg,30,30,9,9
1184,/lustre/backup/WUR/WFSR/gaur001/PlantSeg/plantsegv3/images/val/tomato_late_blight_google_0124.jpg,30,30,25,25
1185,/lustre/backup/WUR/WFSR/gaur001/PlantSeg/plantsegv3/images/val/tomato_late_blight_google_0133.jpg,30,30,25,9
1186,/lustre/backup/WUR/WFSR/gaur001/PlantSeg/plantsegv3/images/train/tomato_late_blight_google_0134.jpg,30,30,31,9
1187,/lustre/backup/WUR/WFSR/gaur001/PlantSeg/plantsegv3/images/train/tomato_late_blight_google_0138.jpg,30,30,9,9
1188,/lustre/backup/WUR/WFSR/gaur001/PlantSeg/plantsegv3/images/val/tomato_late_blight_google_0140.jpg,30,30,25,9
1189,/lustre/backup/WUR/WFSR/gaur001/PlantSeg/plantsegv3/images/train/tomato_late_blight_google_0142.jpg,30,30,31,9
1190,/lustre/backup/WUR/WFSR/gaur001/PlantSeg/plantsegv3/images/train/tomato_late_blight_google_0149.jpg,30,30,29,31
1191,/lustre/backup/WUR/WFSR/gaur001/PlantSeg/plantsegv3/images/val/tomato_late_blight_google_0150.jpg,30,30,20,9
1192,/lustre/backup/WUR/WFSR/gaur001/PlantSeg/plantsegv3/images/train/tomato_late_blight_google_0156.jpg,30,30,9,9
1193,/lustre/backup/WUR/WFSR/gaur001/PlantSeg/plantsegv3/images/train/tomato_late_blight_google_0157.jpg,30,30,11,9
1194,/lustre/backup/WUR/WFSR/gaur001/PlantSeg/plantsegv3/images/train/tomato_late_blight_google_0159.jpg,30,30,9,9
1195,/lustre/backup/WUR/WFSR/gaur001/PlantSeg/plantsegv3/images/train/tomato_late_blight_google_0181.jpg,30,30,9,9
1196,/lustre/backup/WUR/WFSR/gaur001/PlantSeg/plantsegv3/images/train/tomato_late_blight_google_0184.jpg,30,30,9,9
1197,/lustre/backup/WUR/WFSR/gaur001/PlantSeg/plantsegv3/images/train/tomato_late_blight_google_0188.jpg,30,30,26,9
1198,/lustre/backup/WUR/WFSR/gaur001/PlantSeg/plantsegv3/images/train/tomato_late_blight_google_0189.jpg,30,30,9,9
1199,/lustre/backup/WUR/WFSR/gaur001/PlantSeg/plantsegv3/images/train/tomato_late_blight_google_0194.jpg,30,30,25,25
1200,/lustre/backup/WUR/WFSR/gaur001/PlantSeg/plantsegv3/images/train/tomato_late_blight_google_0205.jpg,30,30,29,9
1201,/lustre/backup/WUR/WFSR/gaur001/PlantSeg/plantsegv3/images/train/tomato_late_blight_google_0206.jpg,30,30,25,9
1202,/lustre/backup/WUR/WFSR/gaur001/PlantSeg/plantsegv3/images/val/tomato_late_blight_google_0219.jpg,30,30,28,9
1203,/lustre/backup/WUR/WFSR/gaur001/PlantSeg/plantsegv3/images/train/tomato_late_blight_google_0220.jpg,30,30,25,9
1204,/lustre/backup/WUR/WFSR/gaur001/PlantSeg/plantsegv3/images/train/tomato_late_blight_google_0235.jpg,30,30,9,9
1205,/lustre/backup/WUR/WFSR/gaur001/PlantSeg/plantsegv3/images/val/tomato_late_blight_google_0240.jpg,30,30,31,31
1206,/lustre/backup/WUR/WFSR/gaur001/PlantSeg/plantsegv3/images/train/tomato_late_blight_google_0244.jpg,30,30,9,9
1207,/lustre/backup/WUR/WFSR/gaur001/PlantSeg/plantsegv3/images/train/tomato_late_blight_google_0246.jpg,30,30,9,9
1208,/lustre/backup/WUR/WFSR/gaur001/PlantSeg/plantsegv3/images/train/tomato_late_blight_google_0256.jpg,30,30,28,9
1209,/lustre/backup/WUR/WFSR/gaur001/PlantSeg/plantsegv3/images/train/tomato_late_blight_google_0262.jpg,30,30,20,25
1210,/lustre/backup/WUR/WFSR/gaur001/PlantSeg/plantsegv3/images/train/tomato_late_blight_google_0263.jpg,30,30,25,9
1211,/lustre/backup/WUR/WFSR/gaur001/PlantSeg/plantsegv3/images/train/tomato_late_blight_google_0269.jpg,30,30,21,25
1212,/lustre/backup/WUR/WFSR/gaur001/PlantSeg/plantsegv3/images/train/tomato_late_blight_google_0271.jpg,30,30,25,25
1213,/lustre/backup/WUR/WFSR/gaur001/PlantSeg/plantsegv3/images/train/tomato_leaf_mold_12.jpg,31,31,26,25
1214,/lustre/backup/WUR/WFSR/gaur001/PlantSeg/plantsegv3/images/train/tomato_leaf_mold_13.jpg,31,31,9,9
1215,/lustre/backup/WUR/WFSR/gaur001/PlantSeg/plantsegv3/images/train/tomato_leaf_mold_136.jpg,31,31,9,25
1216,/lustre/backup/WUR/WFSR/gaur001/PlantSeg/plantsegv3/images/train/tomato_leaf_mold_137.jpg,31,31,31,9
1217,/lustre/backup/WUR/WFSR/gaur001/PlantSeg/plantsegv3/images/train/tomato_leaf_mold_14.jpg,31,31,8,9
1218,/lustre/backup/WUR/WFSR/gaur001/PlantSeg/plantsegv3/images/train/tomato_leaf_mold_140.jpg,31,31,9,25
1219,/lustre/backup/WUR/WFSR/gaur001/PlantSeg/plantsegv3/images/train/tomato_leaf_mold_142.jpg,31,31,25,25
1220,/lustre/backup/WUR/WFSR/gaur001/PlantSeg/plantsegv3/images/train/tomato_leaf_mold_143.jpg,31,31,20,9
1221,/lustre/backup/WUR/WFSR/gaur001/PlantSeg/plantsegv3/images/train/tomato_leaf_mold_152.jpg,31,31,9,20
1222,/lustre/backup/WUR/WFSR/gaur001/PlantSeg/plantsegv3/images/train/tomato_leaf_mold_154.jpg,31,31,9,9
1223,/lustre/backup/WUR/WFSR/gaur001/PlantSeg/plantsegv3/images/train/tomato_leaf_mold_155.jpg,31,31,30,25
1224,/lustre/backup/WUR/WFSR/gaur001/PlantSeg/plantsegv3/images/val/tomato_leaf_mold_16.jpg,31,31,9,25
1225,/lustre/backup/WUR/WFSR/gaur001/PlantSeg/plantsegv3/images/train/tomato_leaf_mold_160.jpg,31,31,9,9
1226,/lustre/backup/WUR/WFSR/gaur001/PlantSeg/plantsegv3/images/train/tomato_leaf_mold_161.jpg,31,31,25,25
1227,/lustre/backup/WUR/WFSR/gaur001/PlantSeg/plantsegv3/images/train/tomato_leaf_mold_164.jpg,31,31,9,9
1228,/lustre/backup/WUR/WFSR/gaur001/PlantSeg/plantsegv3/images/train/tomato_leaf_mold_166.jpg,31,31,20,20
1229,/lustre/backup/WUR/WFSR/gaur001/PlantSeg/plantsegv3/images/val/tomato_leaf_mold_167.jpg,31,31,9,9
1230,/lustre/backup/WUR/WFSR/gaur001/PlantSeg/plantsegv3/images/train/tomato_leaf_mold_169.jpg,31,31,25,25
1231,/lustre/backup/WUR/WFSR/gaur001/PlantSeg/plantsegv3/images/train/tomato_leaf_mold_17.jpg,31,31,31,9
1232,/lustre/backup/WUR/WFSR/gaur001/PlantSeg/plantsegv3/images/train/tomato_leaf_mold_170.jpg,31,31,18,25
1233,/lustre/backup/WUR/WFSR/gaur001/PlantSeg/plantsegv3/images/train/tomato_leaf_mold_171.jpg,31,31,20,9
1234,/lustre/backup/WUR/WFSR/gaur001/PlantSeg/plantsegv3/images/train/tomato_leaf_mold_172.jpg,31,31,20,25
1235,/lustre/backup/WUR/WFSR/gaur001/PlantSeg/plantsegv3/images/train/tomato_leaf_mold_173.jpg,31,31,20,25
1236,/lustre/backup/WUR/WFSR/gaur001/PlantSeg/plantsegv3/images/train/tomato_leaf_mold_174.jpg,31,31,9,25
1237,/lustre/backup/WUR/WFSR/gaur001/PlantSeg/plantsegv3/images/train/tomato_leaf_mold_175.jpg,31,31,31,9
1238,/lustre/backup/WUR/WFSR/gaur001/PlantSeg/plantsegv3/images/train/tomato_leaf_mold_178.jpg,31,31,11,25
1239,/lustre/backup/WUR/WFSR/gaur001/PlantSeg/plantsegv3/images/train/tomato_leaf_mold_18.jpg,31,31,8,25
1240,/lustre/backup/WUR/WFSR/gaur001/PlantSeg/plantsegv3/images/train/tomato_leaf_mold_180.jpg,31,31,9,9
1241,/lustre/backup/WUR/WFSR/gaur001/PlantSeg/plantsegv3/images/train/tomato_leaf_mold_181.jpg,31,31,9,9
1242,/lustre/backup/WUR/WFSR/gaur001/PlantSeg/plantsegv3/images/val/tomato_leaf_mold_183.jpg,31,31,25,25
1243,/lustre/backup/WUR/WFSR/gaur001/PlantSeg/plantsegv3/images/train/tomato_leaf_mold_184.jpg,31,31,19,25
1244,/lustre/backup/WUR/WFSR/gaur001/PlantSeg/plantsegv3/images/train/tomato_leaf_mold_189.jpg,31,31,3,25
1245,/lustre/backup/WUR/WFSR/gaur001/PlantSeg/plantsegv3/images/val/tomato_leaf_mold_19.jpg,31,31,9,25
1246,/lustre/backup/WUR/WFSR/gaur001/PlantSeg/plantsegv3/images/train/tomato_leaf_mold_195.jpg,31,31,9,9
1247,/lustre/backup/WUR/WFSR/gaur001/PlantSeg/plantsegv3/images/train/tomato_leaf_mold_20.jpg,31,31,9,25
1248,/lustre/backup/WUR/WFSR/gaur001/PlantSeg/plantsegv3/images/train/tomato_leaf_mold_204.jpg,31,31,9,10
1249,/lustre/backup/WUR/WFSR/gaur001/PlantSeg/plantsegv3/images/train/tomato_leaf_mold_207.jpg,31,31,21,9
1250,/lustre/backup/WUR/WFSR/gaur001/PlantSeg/plantsegv3/images/train/tomato_leaf_mold_208.jpg,31,31,13,25
1251,/lustre/backup/WUR/WFSR/gaur001/PlantSeg/plantsegv3/images/train/tomato_leaf_mold_209.jpg,31,31,20,10
1252,/lustre/backup/WUR/WFSR/gaur001/PlantSeg/plantsegv3/images/train/tomato_leaf_mold_21.jpg,31,31,0,25
1253,/lustre/backup/WUR/WFSR/gaur001/PlantSeg/plantsegv3/images/train/tomato_leaf_mold_210.jpg,31,31,8,25
1254,/lustre/backup/WUR/WFSR/gaur001/PlantSeg/plantsegv3/images/train/tomato_leaf_mold_211.jpg,31,31,3,31
1255,/lustre/backup/WUR/WFSR/gaur001/PlantSeg/plantsegv3/images/train/tomato_leaf_mold_215.jpg,31,31,8,25
1256,/lustre/backup/WUR/WFSR/gaur001/PlantSeg/plantsegv3/images/train/tomato_leaf_mold_216.jpg,31,31,20,25
1257,/lustre/backup/WUR/WFSR/gaur001/PlantSeg/plantsegv3/images/train/tomato_leaf_mold_217.jpg,31,31,8,9
1258,/lustre/backup/WUR/WFSR/gaur001/PlantSeg/plantsegv3/images/train/tomato_leaf_mold_219.jpg,31,31,25,25
1259,/lustre/backup/WUR/WFSR/gaur001/PlantSeg/plantsegv3/images/train/tomato_leaf_mold_22.jpg,31,31,21,9
1260,/lustre/backup/WUR/WFSR/gaur001/PlantSeg/plantsegv3/images/train/tomato_leaf_mold_224.jpg,31,31,9,9
1261,/lustre/backup/WUR/WFSR/gaur001/PlantSeg/plantsegv3/images/train/tomato_leaf_mold_227.jpg,31,31,31,9
1262,/lustre/backup/WUR/WFSR/gaur001/PlantSeg/plantsegv3/images/train/tomato_leaf_mold_23.jpg,31,31,9,9
1263,/lustre/backup/WUR/WFSR/gaur001/PlantSeg/plantsegv3/images/train/tomato_leaf_mold_236.jpg,31,31,21,9
1264,/lustre/backup/WUR/WFSR/gaur001/PlantSeg/plantsegv3/images/train/tomato_leaf_mold_24.jpg,31,31,30,9
1265,/lustre/backup/WUR/WFSR/gaur001/PlantSeg/plantsegv3/images/train/tomato_leaf_mold_240.jpg,31,31,9,9
1266,/lustre/backup/WUR/WFSR/gaur001/PlantSeg/plantsegv3/images/train/tomato_leaf_mold_241.jpg,31,31,11,25
1267,/lustre/backup/WUR/WFSR/gaur001/PlantSeg/plantsegv3/images/train/tomato_leaf_mold_248.jpg,31,31,21,9
1268,/lustre/backup/WUR/WFSR/gaur001/PlantSeg/plantsegv3/images/train/tomato_leaf_mold_262.jpg,31,31,31,25
1269,/lustre/backup/WUR/WFSR/gaur001/PlantSeg/plantsegv3/images/train/tomato_leaf_mold_266.jpg,31,31,9,9
1270,/lustre/backup/WUR/WFSR/gaur001/PlantSeg/plantsegv3/images/train/tomato_leaf_mold_271.jpg,31,31,20,25
1271,/lustre/backup/WUR/WFSR/gaur001/PlantSeg/plantsegv3/images/val/tomato_leaf_mold_278.jpg,31,31,25,25
1272,/lustre/backup/WUR/WFSR/gaur001/PlantSeg/plantsegv3/images/val/tomato_leaf_mold_28.jpg,31,31,3,9
1273,/lustre/backup/WUR/WFSR/gaur001/PlantSeg/plantsegv3/images/train/tomato_leaf_mold_281.jpg,31,31,9,9
1274,/lustre/backup/WUR/WFSR/gaur001/PlantSeg/plantsegv3/images/train/tomato_leaf_mold_282.jpg,31,31,25,9
1275,/lustre/backup/WUR/WFSR/gaur001/PlantSeg/plantsegv3/images/val/tomato_leaf_mold_3.jpg,31,31,25,9
1276,/lustre/backup/WUR/WFSR/gaur001/PlantSeg/plantsegv3/images/train/tomato_leaf_mold_30.jpg,31,31,9,9
1277,/lustre/backup/WUR/WFSR/gaur001/PlantSeg/plantsegv3/images/val/tomato_leaf_mold_34.jpg,31,31,31,9
1278,/lustre/backup/WUR/WFSR/gaur001/PlantSeg/plantsegv3/images/train/tomato_leaf_mold_35.jpg,31,31,31,21
1279,/lustre/backup/WUR/WFSR/gaur001/PlantSeg/plantsegv3/images/train/tomato_leaf_mold_38.jpg,31,31,9,9
1280,/lustre/backup/WUR/WFSR/gaur001/PlantSeg/plantsegv3/images/train/tomato_leaf_mold_41.jpg,31,31,25,25
1281,/lustre/backup/WUR/WFSR/gaur001/PlantSeg/plantsegv3/images/train/tomato_leaf_mold_45.jpg,31,31,20,9
1282,/lustre/backup/WUR/WFSR/gaur001/PlantSeg/plantsegv3/images/val/tomato_leaf_mold_46.jpg,31,31,9,9
1283,/lustre/backup/WUR/WFSR/gaur001/PlantSeg/plantsegv3/images/train/tomato_leaf_mold_47.jpg,31,31,9,25
1284,/lustre/backup/WUR/WFSR/gaur001/PlantSeg/plantsegv3/images/train/tomato_leaf_mold_48.jpg,31,31,9,9
1285,/lustre/backup/WUR/WFSR/gaur001/PlantSeg/plantsegv3/images/train/tomato_leaf_mold_5.jpg,31,31,25,25
1286,/lustre/backup/WUR/WFSR/gaur001/PlantSeg/plantsegv3/images/train/tomato_leaf_mold_50.jpg,31,31,9,25
1287,/lustre/backup/WUR/WFSR/gaur001/PlantSeg/plantsegv3/images/train/tomato_leaf_mold_58.jpg,31,31,31,9
1288,/lustre/backup/WUR/WFSR/gaur001/PlantSeg/plantsegv3/images/train/tomato_leaf_mold_60.jpg,31,31,25,25
1289,/lustre/backup/WUR/WFSR/gaur001/PlantSeg/plantsegv3/images/train/tomato_leaf_mold_63.jpg,31,31,30,9
1290,/lustre/backup/WUR/WFSR/gaur001/PlantSeg/plantsegv3/images/train/tomato_leaf_mold_64.jpg,31,31,9,9
1291,/lustre/backup/WUR/WFSR/gaur001/PlantSeg/plantsegv3/images/val/tomato_leaf_mold_66.jpg,31,31,20,9
1292,/lustre/backup/WUR/WFSR/gaur001/PlantSeg/plantsegv3/images/train/tomato_leaf_mold_71.jpg,31,31,21,25
1293,/lustre/backup/WUR/WFSR/gaur001/PlantSeg/plantsegv3/images/train/tomato_leaf_mold_74.jpg,31,31,20,25
1294,/lustre/backup/WUR/WFSR/gaur001/PlantSeg/plantsegv3/images/train/tomato_leaf_mold_77.jpg,31,31,20,9
1295,/lustre/backup/WUR/WFSR/gaur001/PlantSeg/plantsegv3/images/val/tomato_leaf_mold_87.jpg,31,31,13,25
1296,/lustre/backup/WUR/WFSR/gaur001/PlantSeg/plantsegv3/images/train/tomato_leaf_mold_88.jpg,31,31,20,20
1297,/lustre/backup/WUR/WFSR/gaur001/PlantSeg/plantsegv3/images/train/tomato_leaf_mold_89.jpg,31,31,25,25
1298,/lustre/backup/WUR/WFSR/gaur001/PlantSeg/plantsegv3/images/train/tomato_leaf_mold_9.jpg,31,31,9,9
1299,/lustre/backup/WUR/WFSR/gaur001/PlantSeg/plantsegv3/images/train/tomato_leaf_mold_91.jpg,31,31,9,25
1300,/lustre/backup/WUR/WFSR/gaur001/PlantSeg/plantsegv3/images/train/tomato_leaf_mold_92.jpg,31,31,9,9
1301,/lustre/backup/WUR/WFSR/gaur001/PlantSeg/plantsegv3/images/train/tomato_leaf_mold_94.jpg,31,31,9,9
1302,/lustre/backup/WUR/WFSR/gaur001/PlantSeg/plantsegv3/images/val/tomato_leaf_mold_google_0001.jpg,31,31,31,9
1303,/lustre/backup/WUR/WFSR/gaur001/PlantSeg/plantsegv3/images/train/tomato_leaf_mold_google_0006.jpg,31,31,9,9
1304,/lustre/backup/WUR/WFSR/gaur001/PlantSeg/plantsegv3/images/val/tomato_leaf_mold_google_0017.jpg,31,31,21,25
1305,/lustre/backup/WUR/WFSR/gaur001/PlantSeg/plantsegv3/images/train/tomato_leaf_mold_google_0019.jpg,31,31,9,9
1306,/lustre/backup/WUR/WFSR/gaur001/PlantSeg/plantsegv3/images/train/tomato_leaf_mold_google_0020.jpg,31,31,26,25
1307,/lustre/backup/WUR/WFSR/gaur001/PlantSeg/plantsegv3/images/train/tomato_leaf_mold_google_0028.jpg,31,31,31,9
1308,/lustre/backup/WUR/WFSR/gaur001/PlantSeg/plantsegv3/images/train/tomato_leaf_mold_google_0030.jpg,31,31,9,9
1309,/lustre/backup/WUR/WFSR/gaur001/PlantSeg/plantsegv3/images/train/tomato_leaf_mold_google_0032.jpg,31,31,31,9
1310,/lustre/backup/WUR/WFSR/gaur001/PlantSeg/plantsegv3/images/train/tomato_leaf_mold_google_0036.jpg,31,31,31,31
1311,/lustre/backup/WUR/WFSR/gaur001/PlantSeg/plantsegv3/images/val/tomato_leaf_mold_google_0038.jpg,31,31,9,9
1312,/lustre/backup/WUR/WFSR/gaur001/PlantSeg/plantsegv3/images/train/tomato_leaf_mold_google_0042.jpg,31,31,31,15
1313,/lustre/backup/WUR/WFSR/gaur001/PlantSeg/plantsegv3/images/train/tomato_leaf_mold_google_0054.jpg,31,31,8,9
1314,/lustre/backup/WUR/WFSR/gaur001/PlantSeg/plantsegv3/images/val/tomato_leaf_mold_google_0056.jpg,31,31,25,25
1315,/lustre/backup/WUR/WFSR/gaur001/PlantSeg/plantsegv3/images/train/tomato_leaf_mold_google_0063.jpg,31,31,25,25
1316,/lustre/backup/WUR/WFSR/gaur001/PlantSeg/plantsegv3/images/train/tomato_leaf_mold_google_0067.jpg,31,31,30,20
1317,/lustre/backup/WUR/WFSR/gaur001/PlantSeg/plantsegv3/images/train/tomato_leaf_mold_google_0083.jpg,31,31,9,9
1318,/lustre/backup/WUR/WFSR/gaur001/PlantSeg/plantsegv3/images/train/tomato_leaf_mold_google_0104.jpg,31,31,30,31
1319,/lustre/backup/WUR/WFSR/gaur001/PlantSeg/plantsegv3/images/train/tomato_leaf_mold_google_0110.jpg,31,31,31,31
1320,/lustre/backup/WUR/WFSR/gaur001/PlantSeg/plantsegv3/images/train/tomato_leaf_mold_google_0122.jpg,31,31,9,25
1321,/lustre/backup/WUR/WFSR/gaur001/PlantSeg/plantsegv3/images/train/tomato_leaf_mold_google_0129.jpg,31,31,31,31
1322,/lustre/backup/WUR/WFSR/gaur001/PlantSeg/plantsegv3/images/train/tomato_leaf_mold_google_0142.jpg,31,31,31,31
1323,/lustre/backup/WUR/WFSR/gaur001/PlantSeg/plantsegv3/images/train/tomato_leaf_mold_google_0185.jpg,31,31,31,31
1324,/lustre/backup/WUR/WFSR/gaur001/PlantSeg/plantsegv3/images/train/tomato_leaf_mold_google_0216.jpg,31,31,31,9
1325,/lustre/backup/WUR/WFSR/gaur001/PlantSeg/plantsegv3/images/train/tomato_leaf_mold_google_0220.jpg,31,31,9,25
1326,/lustre/backup/WUR/WFSR/gaur001/PlantSeg/plantsegv3/images/train/tomato_leaf_mold_google_0222.jpg,31,31,31,25
1327,/lustre/backup/WUR/WFSR/gaur001/PlantSeg/plantsegv3/images/train/tomato_leaf_mold_google_0226.jpg,31,31,31,31
1328,/lustre/backup/WUR/WFSR/gaur001/PlantSeg/plantsegv3/images/val/tomato_leaf_mold_google_0246.jpg,31,31,3,9
1329,/lustre/backup/WUR/WFSR/gaur001/PlantSeg/plantsegv3/images/train/tomato_leaf_mold_google_0260.jpg,31,31,9,25
1330,/lustre/backup/WUR/WFSR/gaur001/PlantSeg/plantsegv3/images/train/tomato_leaf_mold_google_0277.jpg,31,31,25,25
1331,/lustre/backup/WUR/WFSR/gaur001/PlantSeg/plantsegv3/images/train/tomato_leaf_mold_google_0282.jpg,31,31,20,20
1332,/lustre/backup/WUR/WFSR/gaur001/PlantSeg/plantsegv3/images/train/tomato_leaf_mold_google_0284.jpg,31,31,31,15
1333,/lustre/backup/WUR/WFSR/gaur001/PlantSeg/plantsegv3/images/train/tomato_leaf_mold_google_0286.jpg,31,31,25,25
1334,/lustre/backup/WUR/WFSR/gaur001/PlantSeg/plantsegv3/images/train/tomato_leaf_mold_google_0293.jpg,31,31,31,9
1335,/lustre/backup/WUR/WFSR/gaur001/PlantSeg/plantsegv3/images/train/tomato_leaf_mold_google_0304.jpg,31,31,21,25
1336,/lustre/backup/WUR/WFSR/gaur001/PlantSeg/plantsegv3/images/val/tomato_leaf_mold_google_0306.jpg,31,31,9,9
1337,/lustre/backup/WUR/WFSR/gaur001/PlantSeg/plantsegv3/images/train/tomato_leaf_mold_google_0308.jpg,31,31,9,9
1338,/lustre/backup/WUR/WFSR/gaur001/PlantSeg/plantsegv3/images/val/tomato_mosaic_virus_1.jpg,36,36,9,9
1339,/lustre/backup/WUR/WFSR/gaur001/PlantSeg/plantsegv3/images/train/tomato_mosaic_virus_112.jpg,36,36,9,25
1340,/lustre/backup/WUR/WFSR/gaur001/PlantSeg/plantsegv3/images/train/tomato_mosaic_virus_117.jpg,36,36,31,9
1341,/lustre/backup/WUR/WFSR/gaur001/PlantSeg/plantsegv3/images/train/tomato_mosaic_virus_125.jpg,36,36,9,25
1342,/lustre/backup/WUR/WFSR/gaur001/PlantSeg/plantsegv3/images/train/tomato_mosaic_virus_13.jpg,36,36,31,9
1343,/lustre/backup/WUR/WFSR/gaur001/PlantSeg/plantsegv3/images/train/tomato_mosaic_virus_132.jpg,36,36,31,25
1344,/lustre/backup/WUR/WFSR/gaur001/PlantSeg/plantsegv3/images/train/tomato_mosaic_virus_147.jpg,36,36,9,25
1345,/lustre/backup/WUR/WFSR/gaur001/PlantSeg/plantsegv3/images/train/tomato_mosaic_virus_152.jpg,36,36,25,25
1346,/lustre/backup/WUR/WFSR/gaur001/PlantSeg/plantsegv3/images/train/tomato_mosaic_virus_154.jpg,36,36,25,9
1347,/lustre/backup/WUR/WFSR/gaur001/PlantSeg/plantsegv3/images/train/tomato_mosaic_virus_173.jpg,36,36,25,9
1348,/lustre/backup/WUR/WFSR/gaur001/PlantSeg/plantsegv3/images/train/tomato_mosaic_virus_184.jpg,36,36,20,25
1349,/lustre/backup/WUR/WFSR/gaur001/PlantSeg/plantsegv3/images/val/tomato_mosaic_virus_19.jpg,36,36,18,25
1350,/lustre/backup/WUR/WFSR/gaur001/PlantSeg/plantsegv3/images/train/tomato_mosaic_virus_2.jpg,36,36,31,9
1351,/lustre/backup/WUR/WFSR/gaur001/PlantSeg/plantsegv3/images/train/tomato_mosaic_virus_228.jpg,36,36,20,20
1352,/lustre/backup/WUR/WFSR/gaur001/PlantSeg/plantsegv3/images/train/tomato_mosaic_virus_23.jpg,36,36,31,9
1353,/lustre/backup/WUR/WFSR/gaur001/PlantSeg/plantsegv3/images/train/tomato_mosaic_virus_230.jpg,36,36,9,25
1354,/lustre/backup/WUR/WFSR/gaur001/PlantSeg/plantsegv3/images/train/tomato_mosaic_virus_24.jpg,36,36,31,9
1355,/lustre/backup/WUR/WFSR/gaur001/PlantSeg/plantsegv3/images/train/tomato_mosaic_virus_249.jpg,36,36,31,9
1356,/lustre/backup/WUR/WFSR/gaur001/PlantSeg/plantsegv3/images/train/tomato_mosaic_virus_28.jpg,36,36,25,25
1357,/lustre/backup/WUR/WFSR/gaur001/PlantSeg/plantsegv3/images/val/tomato_mosaic_virus_3.jpg,36,36,25,25
1358,/lustre/backup/WUR/WFSR/gaur001/PlantSeg/plantsegv3/images/train/tomato_mosaic_virus_32.jpg,36,36,9,25
1359,/lustre/backup/WUR/WFSR/gaur001/PlantSeg/plantsegv3/images/train/tomato_mosaic_virus_35.jpg,36,36,26,25
1360,/lustre/backup/WUR/WFSR/gaur001/PlantSeg/plantsegv3/images/train/tomato_mosaic_virus_4.jpg,36,36,25,25
1361,/lustre/backup/WUR/WFSR/gaur001/PlantSeg/plantsegv3/images/train/tomato_mosaic_virus_5.jpg,36,36,25,9
1362,/lustre/backup/WUR/WFSR/gaur001/PlantSeg/plantsegv3/images/train/tomato_mosaic_virus_google_0005.jpg,36,36,26,9
1363,/lustre/backup/WUR/WFSR/gaur001/PlantSeg/plantsegv3/images/train/tomato_mosaic_virus_google_0008.jpg,36,36,31,31
1364,/lustre/backup/WUR/WFSR/gaur001/PlantSeg/plantsegv3/images/train/tomato_mosaic_virus_google_0009.jpg,36,36,25,9
1365,/lustre/backup/WUR/WFSR/gaur001/PlantSeg/plantsegv3/images/val/tomato_mosaic_virus_google_0020.jpg,36,36,3,36
1366,/lustre/backup/WUR/WFSR/gaur001/PlantSeg/plantsegv3/images/train/tomato_mosaic_virus_google_0021.jpg,36,36,31,31
1367,/lustre/backup/WUR/WFSR/gaur001/PlantSeg/plantsegv3/images/train/tomato_mosaic_virus_google_0022.jpg,36,36,9,25
1368,/lustre/backup/WUR/WFSR/gaur001/PlantSeg/plantsegv3/images/val/tomato_mosaic_virus_google_0024.jpg,36,36,25,25
1369,/lustre/backup/WUR/WFSR/gaur001/PlantSeg/plantsegv3/images/train/tomato_mosaic_virus_google_0045.jpg,36,36,8,25
1370,/lustre/backup/WUR/WFSR/gaur001/PlantSeg/plantsegv3/images/train/tomato_mosaic_virus_google_0046.jpg,36,36,9,9
1371,/lustre/backup/WUR/WFSR/gaur001/PlantSeg/plantsegv3/images/val/tomato_mosaic_virus_google_0053.jpg,36,36,20,25
1372,/lustre/backup/WUR/WFSR/gaur001/PlantSeg/plantsegv3/images/train/tomato_mosaic_virus_google_0063.jpg,36,36,25,25
1373,/lustre/backup/WUR/WFSR/gaur001/PlantSeg/plantsegv3/images/train/tomato_mosaic_virus_google_0066.jpg,36,36,25,25
1374,/lustre/backup/WUR/WFSR/gaur001/PlantSeg/plantsegv3/images/train/tomato_mosaic_virus_google_0070.jpg,36,36,9,25
1375,/lustre/backup/WUR/WFSR/gaur001/PlantSeg/plantsegv3/images/train/tomato_mosaic_virus_google_0073.jpg,36,36,9,25
1376,/lustre/backup/WUR/WFSR/gaur001/PlantSeg/plantsegv3/images/train/tomato_mosaic_virus_google_0077.jpg,36,36,25,31
1377,/lustre/backup/WUR/WFSR/gaur001/PlantSeg/plantsegv3/images/train/tomato_mosaic_virus_google_0083.jpg,36,36,25,9
1378,/lustre/backup/WUR/WFSR/gaur001/PlantSeg/plantsegv3/images/train/tomato_mosaic_virus_google_0092.jpg,36,36,26,36
1379,/lustre/backup/WUR/WFSR/gaur001/PlantSeg/plantsegv3/images/train/tomato_mosaic_virus_google_0093.jpg,36,36,25,25
1380,/lustre/backup/WUR/WFSR/gaur001/PlantSeg/plantsegv3/images/train/tomato_mosaic_virus_google_0106.jpg,36,36,31,9
1381,/lustre/backup/WUR/WFSR/gaur001/PlantSeg/plantsegv3/images/train/tomato_mosaic_virus_google_0117.jpg,36,36,26,25
1382,/lustre/backup/WUR/WFSR/gaur001/PlantSeg/plantsegv3/images/train/tomato_mosaic_virus_google_0131.jpg,36,36,31,35
1383,/lustre/backup/WUR/WFSR/gaur001/PlantSeg/plantsegv3/images/train/tomato_mosaic_virus_google_0136.jpg,36,36,25,25
1384,/lustre/backup/WUR/WFSR/gaur001/PlantSeg/plantsegv3/images/train/tomato_mosaic_virus_google_0142.jpg,36,36,31,9
1385,/lustre/backup/WUR/WFSR/gaur001/PlantSeg/plantsegv3/images/train/tomato_mosaic_virus_google_0164.jpg,36,36,26,9
1386,/lustre/backup/WUR/WFSR/gaur001/PlantSeg/plantsegv3/images/train/tomato_mosaic_virus_google_0190.jpg,36,36,28,31
1387,/lustre/backup/WUR/WFSR/gaur001/PlantSeg/plantsegv3/images/val/tomato_mosaic_virus_google_0204.jpg,36,36,19,9
1388,/lustre/backup/WUR/WFSR/gaur001/PlantSeg/plantsegv3/images/val/tomato_septoria_leaf_spot_1.jpg,32,32,9,9
1389,/lustre/backup/WUR/WFSR/gaur001/PlantSeg/plantsegv3/images/train/tomato_septoria_leaf_spot_13.jpg,32,32,9,9
1390,/lustre/backup/WUR/WFSR/gaur001/PlantSeg/plantsegv3/images/val/tomato_septoria_leaf_spot_148.jpg,32,32,9,25
1391,/lustre/backup/WUR/WFSR/gaur001/PlantSeg/plantsegv3/images/train/tomato_septoria_leaf_spot_155.jpg,32,32,26,25
1392,/lustre/backup/WUR/WFSR/gaur001/PlantSeg/plantsegv3/images/train/tomato_septoria_leaf_spot_16.jpg,32,32,9,25
1393,/lustre/backup/WUR/WFSR/gaur001/PlantSeg/plantsegv3/images/val/tomato_septoria_leaf_spot_162.jpg,32,32,9,9
1394,/lustre/backup/WUR/WFSR/gaur001/PlantSeg/plantsegv3/images/train/tomato_septoria_leaf_spot_17.jpg,32,32,25,25
1395,/lustre/backup/WUR/WFSR/gaur001/PlantSeg/plantsegv3/images/train/tomato_septoria_leaf_spot_174.jpg,32,32,9,9
1396,/lustre/backup/WUR/WFSR/gaur001/PlantSeg/plantsegv3/images/val/tomato_septoria_leaf_spot_195.jpg,32,32,9,9
1397,/lustre/backup/WUR/WFSR/gaur001/PlantSeg/plantsegv3/images/val/tomato_septoria_leaf_spot_196.jpg,32,32,26,25
1398,/lustre/backup/WUR/WFSR/gaur001/PlantSeg/plantsegv3/images/train/tomato_septoria_leaf_spot_2.jpg,32,32,20,25
1399,/lustre/backup/WUR/WFSR/gaur001/PlantSeg/plantsegv3/images/train/tomato_septoria_leaf_spot_205.jpg,32,32,9,25
1400,/lustre/backup/WUR/WFSR/gaur001/PlantSeg/plantsegv3/images/train/tomato_septoria_leaf_spot_23.jpg,32,32,25,9
1401,/lustre/backup/WUR/WFSR/gaur001/PlantSeg/plantsegv3/images/train/tomato_septoria_leaf_spot_24.jpg,32,32,25,9
1402,/lustre/backup/WUR/WFSR/gaur001/PlantSeg/plantsegv3/images/train/tomato_septoria_leaf_spot_241.jpg,32,32,3,25
1403,/lustre/backup/WUR/WFSR/gaur001/PlantSeg/plantsegv3/images/train/tomato_septoria_leaf_spot_25.jpg,32,32,9,25
1404,/lustre/backup/WUR/WFSR/gaur001/PlantSeg/plantsegv3/images/train/tomato_septoria_leaf_spot_26.jpg,32,32,3,25
1405,/lustre/backup/WUR/WFSR/gaur001/PlantSeg/plantsegv3/images/train/tomato_septoria_leaf_spot_28.jpg,32,32,9,9
1406,/lustre/backup/WUR/WFSR/gaur001/PlantSeg/plantsegv3/images/train/tomato_septoria_leaf_spot_32.jpg,32,32,9,25
1407,/lustre/backup/WUR/WFSR/gaur001/PlantSeg/plantsegv3/images/train/tomato_septoria_leaf_spot_34.jpg,32,32,9,25
1408,/lustre/backup/WUR/WFSR/gaur001/PlantSeg/plantsegv3/images/train/tomato_septoria_leaf_spot_37.jpg,32,32,25,25
1409,/lustre/backup/WUR/WFSR/gaur001/PlantSeg/plantsegv3/images/train/tomato_septoria_leaf_spot_4.jpg,32,32,25,9
1410,/lustre/backup/WUR/WFSR/gaur001/PlantSeg/plantsegv3/images/train/tomato_septoria_leaf_spot_49.jpg,32,32,9,9
1411,/lustre/backup/WUR/WFSR/gaur001/PlantSeg/plantsegv3/images/train/tomato_septoria_leaf_spot_5.jpg,32,32,9,9
1412,/lustre/backup/WUR/WFSR/gaur001/PlantSeg/plantsegv3/images/train/tomato_septoria_leaf_spot_6.jpg,32,32,20,9
1413,/lustre/backup/WUR/WFSR/gaur001/PlantSeg/plantsegv3/images/val/tomato_septoria_leaf_spot_64.jpg,32,32,20,25
1414,/lustre/backup/WUR/WFSR/gaur001/PlantSeg/plantsegv3/images/train/tomato_septoria_leaf_spot_66.jpg,32,32,20,25
1415,/lustre/backup/WUR/WFSR/gaur001/PlantSeg/plantsegv3/images/train/tomato_septoria_leaf_spot_7.jpg,32,32,9,25
1416,/lustre/backup/WUR/WFSR/gaur001/PlantSeg/plantsegv3/images/train/tomato_septoria_leaf_spot_77.jpg,32,32,9,9
1417,/lustre/backup/WUR/WFSR/gaur001/PlantSeg/plantsegv3/images/train/tomato_septoria_leaf_spot_88.jpg,32,32,9,25
1418,/lustre/backup/WUR/WFSR/gaur001/PlantSeg/plantsegv3/images/train/tomato_septoria_leaf_spot_google_0000.jpg,32,32,28,31
1419,/lustre/backup/WUR/WFSR/gaur001/PlantSeg/plantsegv3/images/train/tomato_septoria_leaf_spot_google_0001.jpg,32,32,26,9
1420,/lustre/backup/WUR/WFSR/gaur001/PlantSeg/plantsegv3/images/train/tomato_septoria_leaf_spot_google_0002.jpg,32,32,20,9
1421,/lustre/backup/WUR/WFSR/gaur001/PlantSeg/plantsegv3/images/val/tomato_septoria_leaf_spot_google_0003.jpg,32,32,20,1
1422,/lustre/backup/WUR/WFSR/gaur001/PlantSeg/plantsegv3/images/train/tomato_septoria_leaf_spot_google_0004.jpg,32,32,9,9
1423,/lustre/backup/WUR/WFSR/gaur001/PlantSeg/plantsegv3/images/train/tomato_septoria_leaf_spot_google_0005.jpg,32,32,9,9
1424,/lustre/backup/WUR/WFSR/gaur001/PlantSeg/plantsegv3/images/train/tomato_septoria_leaf_spot_google_0007.jpg,32,32,20,20
1425,/lustre/backup/WUR/WFSR/gaur001/PlantSeg/plantsegv3/images/train/tomato_septoria_leaf_spot_google_0010.jpg,32,32,20,9
1426,/lustre/backup/WUR/WFSR/gaur001/PlantSeg/plantsegv3/images/train/tomato_septoria_leaf_spot_google_0012.jpg,32,32,25,31
1427,/lustre/backup/WUR/WFSR/gaur001/PlantSeg/plantsegv3/images/train/tomato_septoria_leaf_spot_google_0013.jpg,32,32,26,9
1428,/lustre/backup/WUR/WFSR/gaur001/PlantSeg/plantsegv3/images/train/tomato_septoria_leaf_spot_google_0014.jpg,32,32,20,20
1429,/lustre/backup/WUR/WFSR/gaur001/PlantSeg/plantsegv3/images/train/tomato_septoria_leaf_spot_google_0015.jpg,32,32,25,9
1430,/lustre/backup/WUR/WFSR/gaur001/PlantSeg/plantsegv3/images/train/tomato_septoria_leaf_spot_google_0016.jpg,32,32,9,8
1431,/lustre/backup/WUR/WFSR/gaur001/PlantSeg/plantsegv3/images/train/tomato_septoria_leaf_spot_google_0018.jpg,32,32,28,25
1432,/lustre/backup/WUR/WFSR/gaur001/PlantSeg/plantsegv3/images/train/tomato_septoria_leaf_spot_google_0020.jpg,32,32,28,25
1433,/lustre/backup/WUR/WFSR/gaur001/PlantSeg/plantsegv3/images/val/tomato_septoria_leaf_spot_google_0029.jpg,32,32,26,25
1434,/lustre/backup/WUR/WFSR/gaur001/PlantSeg/plantsegv3/images/train/tomato_septoria_leaf_spot_google_0030.jpg,32,32,25,9
1435,/lustre/backup/WUR/WFSR/gaur001/PlantSeg/plantsegv3/images/val/tomato_septoria_leaf_spot_google_0032.jpg,32,32,8,28
1436,/lustre/backup/WUR/WFSR/gaur001/PlantSeg/plantsegv3/images/train/tomato_septoria_leaf_spot_google_0035.jpg,32,32,9,9
1437,/lustre/backup/WUR/WFSR/gaur001/PlantSeg/plantsegv3/images/train/tomato_septoria_leaf_spot_google_0036.jpg,32,32,18,9
1438,/lustre/backup/WUR/WFSR/gaur001/PlantSeg/plantsegv3/images/train/tomato_septoria_leaf_spot_google_0037.jpg,32,32,9,20
1439,/lustre/backup/WUR/WFSR/gaur001/PlantSeg/plantsegv3/images/train/tomato_septoria_leaf_spot_google_0038.jpg,32,32,9,1
1440,/lustre/backup/WUR/WFSR/gaur001/PlantSeg/plantsegv3/images/train/tomato_septoria_leaf_spot_google_0039.jpg,32,32,9,9
1441,/lustre/backup/WUR/WFSR/gaur001/PlantSeg/plantsegv3/images/train/tomato_septoria_leaf_spot_google_0042.jpg,32,32,9,9
1442,/lustre/backup/WUR/WFSR/gaur001/PlantSeg/plantsegv3/images/train/tomato_septoria_leaf_spot_google_0043.jpg,32,32,9,9
1443,/lustre/backup/WUR/WFSR/gaur001/PlantSeg/plantsegv3/images/train/tomato_septoria_leaf_spot_google_0044.jpg,32,32,20,26
1444,/lustre/backup/WUR/WFSR/gaur001/PlantSeg/plantsegv3/images/train/tomato_septoria_leaf_spot_google_0050.jpg,32,32,20,9
1445,/lustre/backup/WUR/WFSR/gaur001/PlantSeg/plantsegv3/images/train/tomato_septoria_leaf_spot_google_0052.jpg,32,32,16,20
1446,/lustre/backup/WUR/WFSR/gaur001/PlantSeg/plantsegv3/images/train/tomato_septoria_leaf_spot_google_0058.jpg,32,32,9,9
1447,/lustre/backup/WUR/WFSR/gaur001/PlantSeg/plantsegv3/images/train/tomato_septoria_leaf_spot_google_0059.jpg,32,32,26,9
1448,/lustre/backup/WUR/WFSR/gaur001/PlantSeg/plantsegv3/images/val/tomato_septoria_leaf_spot_google_0060.jpg,32,32,9,9
1449,/lustre/backup/WUR/WFSR/gaur001/PlantSeg/plantsegv3/images/train/tomato_septoria_leaf_spot_google_0065.jpg,32,32,9,9
1450,/lustre/backup/WUR/WFSR/gaur001/PlantSeg/plantsegv3/images/train/tomato_septoria_leaf_spot_google_0068.jpg,32,32,28,9
1451,/lustre/backup/WUR/WFSR/gaur001/PlantSeg/plantsegv3/images/train/tomato_septoria_leaf_spot_google_0069.jpg,32,32,9,9
1452,/lustre/backup/WUR/WFSR/gaur001/PlantSeg/plantsegv3/images/train/tomato_septoria_leaf_spot_google_0072.jpg,32,32,9,9
1453,/lustre/backup/WUR/WFSR/gaur001/PlantSeg/plantsegv3/images/train/tomato_septoria_leaf_spot_google_0074.jpg,32,32,9,9
1454,/lustre/backup/WUR/WFSR/gaur001/PlantSeg/plantsegv3/images/train/tomato_septoria_leaf_spot_google_0077.jpg,32,32,9,9
1455,/lustre/backup/WUR/WFSR/gaur001/PlantSeg/plantsegv3/images/train/tomato_septoria_leaf_spot_google_0078.jpg,32,32,9,9
1456,/lustre/backup/WUR/WFSR/gaur001/PlantSeg/plantsegv3/images/train/tomato_septoria_leaf_spot_google_0084.jpg,32,32,20,20
1457,/lustre/backup/WUR/WFSR/gaur001/PlantSeg/plantsegv3/images/train/tomato_septoria_leaf_spot_google_0086.jpg,32,32,9,9
1458,/lustre/backup/WUR/WFSR/gaur001/PlantSeg/plantsegv3/images/train/tomato_septoria_leaf_spot_google_0089.jpg,32,32,20,25
1459,/lustre/backup/WUR/WFSR/gaur001/PlantSeg/plantsegv3/images/train/tomato_septoria_leaf_spot_google_0091.jpg,32,32,9,8
1460,/lustre/backup/WUR/WFSR/gaur001/PlantSeg/plantsegv3/images/train/tomato_septoria_leaf_spot_google_0093.jpg,32,32,20,9
1461,/lustre/backup/WUR/WFSR/gaur001/PlantSeg/plantsegv3/images/train/tomato_septoria_leaf_spot_google_0097.jpg,32,32,9,8
1462,/lustre/backup/WUR/WFSR/gaur001/PlantSeg/plantsegv3/images/train/tomato_septoria_leaf_spot_google_0098.jpg,32,32,25,25
1463,/lustre/backup/WUR/WFSR/gaur001/PlantSeg/plantsegv3/images/train/tomato_septoria_leaf_spot_google_0113.jpg,32,32,3,20
1464,/lustre/backup/WUR/WFSR/gaur001/PlantSeg/plantsegv3/images/val/tomato_septoria_leaf_spot_google_0115.jpg,32,32,9,9
1465,/lustre/backup/WUR/WFSR/gaur001/PlantSeg/plantsegv3/images/train/tomato_septoria_leaf_spot_google_0119.jpg,32,32,9,9
1466,/lustre/backup/WUR/WFSR/gaur001/PlantSeg/plantsegv3/images/train/tomato_septoria_leaf_spot_google_0132.jpg,32,32,25,25
1467,/lustre/backup/WUR/WFSR/gaur001/PlantSeg/plantsegv3/images/train/tomato_septoria_leaf_spot_google_0133.jpg,32,32,26,8
1468,/lustre/backup/WUR/WFSR/gaur001/PlantSeg/plantsegv3/images/train/tomato_septoria_leaf_spot_google_0137.jpg,32,32,9,26
1469,/lustre/backup/WUR/WFSR/gaur001/PlantSeg/plantsegv3/images/train/tomato_septoria_leaf_spot_google_0140.jpg,32,32,9,9
1470,/lustre/backup/WUR/WFSR/gaur001/PlantSeg/plantsegv3/images/train/tomato_septoria_leaf_spot_google_0141.jpg,32,32,9,9
1471,/lustre/backup/WUR/WFSR/gaur001/PlantSeg/plantsegv3/images/train/tomato_septoria_leaf_spot_google_0148.jpg,32,32,32,31
1472,/lustre/backup/WUR/WFSR/gaur001/PlantSeg/plantsegv3/images/train/tomato_septoria_leaf_spot_google_0149.jpg,32,32,20,9
1473,/lustre/backup/WUR/WFSR/gaur001/PlantSeg/plantsegv3/images/train/tomato_septoria_leaf_spot_google_0153.jpg,32,32,29,9
1474,/lustre/backup/WUR/WFSR/gaur001/PlantSeg/plantsegv3/images/train/tomato_septoria_leaf_spot_google_0155.jpg,32,32,31,9
1475,/lustre/backup/WUR/WFSR/gaur001/PlantSeg/plantsegv3/images/train/tomato_septoria_leaf_spot_google_0156.jpg,32,32,32,28
1476,/lustre/backup/WUR/WFSR/gaur001/PlantSeg/plantsegv3/images/train/tomato_septoria_leaf_spot_google_0157.jpg,32,32,25,9
1477,/lustre/backup/WUR/WFSR/gaur001/PlantSeg/plantsegv3/images/train/tomato_septoria_leaf_spot_google_0158.jpg,32,32,9,9
1478,/lustre/backup/WUR/WFSR/gaur001/PlantSeg/plantsegv3/images/val/tomato_septoria_leaf_spot_google_0175.jpg,32,32,9,9
1479,/lustre/backup/WUR/WFSR/gaur001/PlantSeg/plantsegv3/images/val/tomato_septoria_leaf_spot_google_0188.jpg,32,32,9,31
1480,/lustre/backup/WUR/WFSR/gaur001/PlantSeg/plantsegv3/images/train/tomato_septoria_leaf_spot_google_0191.jpg,32,32,9,8
1481,/lustre/backup/WUR/WFSR/gaur001/PlantSeg/plantsegv3/images/train/tomato_septoria_leaf_spot_google_0194.jpg,32,32,28,9
1482,/lustre/backup/WUR/WFSR/gaur001/PlantSeg/plantsegv3/images/train/tomato_septoria_leaf_spot_google_0195.jpg,32,32,9,9
1483,/lustre/backup/WUR/WFSR/gaur001/PlantSeg/plantsegv3/images/train/tomato_septoria_leaf_spot_google_0201.jpg,32,32,9,9
1484,/lustre/backup/WUR/WFSR/gaur001/PlantSeg/plantsegv3/images/train/tomato_septoria_leaf_spot_google_0204.jpg,32,32,26,25
1485,/lustre/backup/WUR/WFSR/gaur001/PlantSeg/plantsegv3/images/train/tomato_septoria_leaf_spot_google_0217.jpg,32,32,9,31
1486,/lustre/backup/WUR/WFSR/gaur001/PlantSeg/plantsegv3/images/train/tomato_septoria_leaf_spot_google_0223.jpg,32,32,29,9
1487,/lustre/backup/WUR/WFSR/gaur001/PlantSeg/plantsegv3/images/train/tomato_septoria_leaf_spot_google_0224.jpg,32,32,9,8
1488,/lustre/backup/WUR/WFSR/gaur001/PlantSeg/plantsegv3/images/val/tomato_septoria_leaf_spot_google_0255.jpg,32,32,9,9
1489,/lustre/backup/WUR/WFSR/gaur001/PlantSeg/plantsegv3/images/train/tomato_septoria_leaf_spot_google_0257.jpg,32,32,32,28
1490,/lustre/backup/WUR/WFSR/gaur001/PlantSeg/plantsegv3/images/train/tomato_septoria_leaf_spot_google_0261.jpg,32,32,20,25
1491,/lustre/backup/WUR/WFSR/gaur001/PlantSeg/plantsegv3/images/train/tomato_septoria_leaf_spot_google_0272.jpg,32,32,9,9
1492,/lustre/backup/WUR/WFSR/gaur001/PlantSeg/plantsegv3/images/train/tomato_yellow_leaf_curl_virus_1.jpg,35,35,31,9
1493,/lustre/backup/WUR/WFSR/gaur001/PlantSeg/plantsegv3/images/train/tomato_yellow_leaf_curl_virus_10.jpg,35,35,26,9
1494,/lustre/backup/WUR/WFSR/gaur001/PlantSeg/plantsegv3/images/train/tomato_yellow_leaf_curl_virus_11.jpg,35,35,9,9
1495,/lustre/backup/WUR/WFSR/gaur001/PlantSeg/plantsegv3/images/train/tomato_yellow_leaf_curl_virus_12.jpg,35,35,25,9
1496,/lustre/backup/WUR/WFSR/gaur001/PlantSeg/plantsegv3/images/train/tomato_yellow_leaf_curl_virus_13.jpg,35,35,9,9
1497,/lustre/backup/WUR/WFSR/gaur001/PlantSeg/plantsegv3/images/train/tomato_yellow_leaf_curl_virus_149.jpg,35,35,31,9
1498,/lustre/backup/WUR/WFSR/gaur001/PlantSeg/plantsegv3/images/val/tomato_yellow_leaf_curl_virus_151.jpg,35,35,25,25
1499,/lustre/backup/WUR/WFSR/gaur001/PlantSeg/plantsegv3/images/train/tomato_yellow_leaf_curl_virus_152.jpg,35,35,9,25
1500,/lustre/backup/WUR/WFSR/gaur001/PlantSeg/plantsegv3/images/train/tomato_yellow_leaf_curl_virus_162.jpg,35,35,25,9
1501,/lustre/backup/WUR/WFSR/gaur001/PlantSeg/plantsegv3/images/train/tomato_yellow_leaf_curl_virus_19.jpg,35,35,26,25
1502,/lustre/backup/WUR/WFSR/gaur001/PlantSeg/plantsegv3/images/train/tomato_yellow_leaf_curl_virus_2.jpg,35,35,25,25
1503,/lustre/backup/WUR/WFSR/gaur001/PlantSeg/plantsegv3/images/train/tomato_yellow_leaf_curl_virus_21.jpg,35,35,11,25
1504,/lustre/backup/WUR/WFSR/gaur001/PlantSeg/plantsegv3/images/train/tomato_yellow_leaf_curl_virus_23.jpg,35,35,26,25
1505,/lustre/backup/WUR/WFSR/gaur001/PlantSeg/plantsegv3/images/train/tomato_yellow_leaf_curl_virus_24.jpg,35,35,31,25
1506,/lustre/backup/WUR/WFSR/gaur001/PlantSeg/plantsegv3/images/train/tomato_yellow_leaf_curl_virus_25.jpg,35,35,31,9
1507,/lustre/backup/WUR/WFSR/gaur001/PlantSeg/plantsegv3/images/train/tomato_yellow_leaf_curl_virus_27.jpg,35,35,25,25
1508,/lustre/backup/WUR/WFSR/gaur001/PlantSeg/plantsegv3/images/train/tomato_yellow_leaf_curl_virus_28.jpg,35,35,9,9
1509,/lustre/backup/WUR/WFSR/gaur001/PlantSeg/plantsegv3/images/train/tomato_yellow_leaf_curl_virus_3.jpg,35,35,25,25
1510,/lustre/backup/WUR/WFSR/gaur001/PlantSeg/plantsegv3/images/train/tomato_yellow_leaf_curl_virus_31.jpg,35,35,9,25
1511,/lustre/backup/WUR/WFSR/gaur001/PlantSeg/plantsegv3/images/train/tomato_yellow_leaf_curl_virus_35.jpg,35,35,26,9
1512,/lustre/backup/WUR/WFSR/gaur001/PlantSeg/plantsegv3/images/train/tomato_yellow_leaf_curl_virus_37.jpg,35,35,31,25
1513,/lustre/backup/WUR/WFSR/gaur001/PlantSeg/plantsegv3/images/train/tomato_yellow_leaf_curl_virus_45.jpg,35,35,9,9
1514,/lustre/backup/WUR/WFSR/gaur001/PlantSeg/plantsegv3/images/train/tomato_yellow_leaf_curl_virus_47.jpg,35,35,25,25
1515,/lustre/backup/WUR/WFSR/gaur001/PlantSeg/plantsegv3/images/train/tomato_yellow_leaf_curl_virus_5.jpg,35,35,9,25
1516,/lustre/backup/WUR/WFSR/gaur001/PlantSeg/plantsegv3/images/val/tomato_yellow_leaf_curl_virus_50.jpg,35,35,25,25
1517,/lustre/backup/WUR/WFSR/gaur001/PlantSeg/plantsegv3/images/train/tomato_yellow_leaf_curl_virus_51.jpg,35,35,9,25
1518,/lustre/backup/WUR/WFSR/gaur001/PlantSeg/plantsegv3/images/val/tomato_yellow_leaf_curl_virus_6.jpg,35,35,9,25
1519,/lustre/backup/WUR/WFSR/gaur001/PlantSeg/plantsegv3/images/val/tomato_yellow_leaf_curl_virus_64.jpg,35,35,25,25
1520,/lustre/backup/WUR/WFSR/gaur001/PlantSeg/plantsegv3/images/train/tomato_yellow_leaf_curl_virus_68.jpg,35,35,26,25
1521,/lustre/backup/WUR/WFSR/gaur001/PlantSeg/plantsegv3/images/train/tomato_yellow_leaf_curl_virus_69.jpg,35,35,26,25
1522,/lustre/backup/WUR/WFSR/gaur001/PlantSeg/plantsegv3/images/train/tomato_yellow_leaf_curl_virus_7.jpg,35,35,31,25
1523,/lustre/backup/WUR/WFSR/gaur001/PlantSeg/plantsegv3/images/train/tomato_yellow_leaf_curl_virus_78.jpg,35,35,29,25
1524,/lustre/backup/WUR/WFSR/gaur001/PlantSeg/plantsegv3/images/train/tomato_yellow_leaf_curl_virus_8.jpg,35,35,26,25
1525,/lustre/backup/WUR/WFSR/gaur001/PlantSeg/plantsegv3/images/train/tomato_yellow_leaf_curl_virus_9.jpg,35,35,20,25
1526,/lustre/backup/WUR/WFSR/gaur001/PlantSeg/plantsegv3/images/train/tomato_yellow_leaf_curl_virus_google_0000.jpg,35,35,9,25
1527,/lustre/backup/WUR/WFSR/gaur001/PlantSeg/plantsegv3/images/train/tomato_yellow_leaf_curl_virus_google_0001.jpg,35,35,9,25
1528,/lustre/backup/WUR/WFSR/gaur001/PlantSeg/plantsegv3/images/train/tomato_yellow_leaf_curl_virus_google_0004.jpg,35,35,9,9
1529,/lustre/backup/WUR/WFSR/gaur001/PlantSeg/plantsegv3/images/train/tomato_yellow_leaf_curl_virus_google_0005.jpg,35,35,35,25
1530,/lustre/backup/WUR/WFSR/gaur001/PlantSeg/plantsegv3/images/val/tomato_yellow_leaf_curl_virus_google_0007.jpg,35,35,25,25
1531,/lustre/backup/WUR/WFSR/gaur001/PlantSeg/plantsegv3/images/train/tomato_yellow_leaf_curl_virus_google_0012.jpg,35,35,25,25
1532,/lustre/backup/WUR/WFSR/gaur001/PlantSeg/plantsegv3/images/train/tomato_yellow_leaf_curl_virus_google_0013.jpg,35,35,9,9
1533,/lustre/backup/WUR/WFSR/gaur001/PlantSeg/plantsegv3/images/train/tomato_yellow_leaf_curl_virus_google_0027.jpg,35,35,0,31
1534,/lustre/backup/WUR/WFSR/gaur001/PlantSeg/plantsegv3/images/val/tomato_yellow_leaf_curl_virus_google_0029.jpg,35,35,9,25
1535,/lustre/backup/WUR/WFSR/gaur001/PlantSeg/plantsegv3/images/train/tomato_yellow_leaf_curl_virus_google_0031.jpg,35,35,25,25
1536,/lustre/backup/WUR/WFSR/gaur001/PlantSeg/plantsegv3/images/train/tomato_yellow_leaf_curl_virus_google_0048.jpg,35,35,25,25
1537,/lustre/backup/WUR/WFSR/gaur001/PlantSeg/plantsegv3/images/train/tomato_yellow_leaf_curl_virus_google_0049.jpg,35,35,25,25
1538,/lustre/backup/WUR/WFSR/gaur001/PlantSeg/plantsegv3/images/train/tomato_yellow_leaf_curl_virus_google_0053.jpg,35,35,9,25
1539,/lustre/backup/WUR/WFSR/gaur001/PlantSeg/plantsegv3/images/train/tomato_yellow_leaf_curl_virus_google_0056.jpg,35,35,9,9
1540,/lustre/backup/WUR/WFSR/gaur001/PlantSeg/plantsegv3/images/val/tomato_yellow_leaf_curl_virus_google_0062.jpg,35,35,25,25
1541,/lustre/backup/WUR/WFSR/gaur001/PlantSeg/plantsegv3/images/train/tomato_yellow_leaf_curl_virus_google_0065.jpg,35,35,25,25
1542,/lustre/backup/WUR/WFSR/gaur001/PlantSeg/plantsegv3/images/train/tomato_yellow_leaf_curl_virus_google_0066.jpg,35,35,25,25
1543,/lustre/backup/WUR/WFSR/gaur001/PlantSeg/plantsegv3/images/val/tomato_yellow_leaf_curl_virus_google_0067.jpg,35,35,9,9
1544,/lustre/backup/WUR/WFSR/gaur001/PlantSeg/plantsegv3/images/train/tomato_yellow_leaf_curl_virus_google_0068.jpg,35,35,31,9
1545,/lustre/backup/WUR/WFSR/gaur001/PlantSeg/plantsegv3/images/train/tomato_yellow_leaf_curl_virus_google_0074.jpg,35,35,31,9
1546,/lustre/backup/WUR/WFSR/gaur001/PlantSeg/plantsegv3/images/train/tomato_yellow_leaf_curl_virus_google_0075.jpg,35,35,25,9
1547,/lustre/backup/WUR/WFSR/gaur001/PlantSeg/plantsegv3/images/train/tomato_yellow_leaf_curl_virus_google_0077.jpg,35,35,26,25
1548,/lustre/backup/WUR/WFSR/gaur001/PlantSeg/plantsegv3/images/val/tomato_yellow_leaf_curl_virus_google_0080.jpg,35,35,31,9
1549,/lustre/backup/WUR/WFSR/gaur001/PlantSeg/plantsegv3/images/train/tomato_yellow_leaf_curl_virus_google_0089.jpg,35,35,25,25
1550,/lustre/backup/WUR/WFSR/gaur001/PlantSeg/plantsegv3/images/train/tomato_yellow_leaf_curl_virus_google_0094.jpg,35,35,9,25
1551,/lustre/backup/WUR/WFSR/gaur001/PlantSeg/plantsegv3/images/train/tomato_yellow_leaf_curl_virus_google_0095.jpg,35,35,31,9
1552,/lustre/backup/WUR/WFSR/gaur001/PlantSeg/plantsegv3/images/train/tomato_yellow_leaf_curl_virus_google_0096.jpg,35,35,26,25
1553,/lustre/backup/WUR/WFSR/gaur001/PlantSeg/plantsegv3/images/train/tomato_yellow_leaf_curl_virus_google_0111.jpg,35,35,31,25
1554,/lustre/backup/WUR/WFSR/gaur001/PlantSeg/plantsegv3/images/train/tomato_yellow_leaf_curl_virus_google_0120.jpg,35,35,25,25
1555,/lustre/backup/WUR/WFSR/gaur001/PlantSeg/plantsegv3/images/train/tomato_yellow_leaf_curl_virus_google_0121.jpg,35,35,19,25
1556,/lustre/backup/WUR/WFSR/gaur001/PlantSeg/plantsegv3/images/train/tomato_yellow_leaf_curl_virus_google_0122.jpg,35,35,25,9
1557,/lustre/backup/WUR/WFSR/gaur001/PlantSeg/plantsegv3/images/train/tomato_yellow_leaf_curl_virus_google_0124.jpg,35,35,9,9
1558,/lustre/backup/WUR/WFSR/gaur001/PlantSeg/plantsegv3/images/train/tomato_yellow_leaf_curl_virus_google_0138.jpg,35,35,26,25
1559,/lustre/backup/WUR/WFSR/gaur001/PlantSeg/plantsegv3/images/train/tomato_yellow_leaf_curl_virus_google_0139.jpg,35,35,25,25
1560,/lustre/backup/WUR/WFSR/gaur001/PlantSeg/plantsegv3/images/train/tomato_yellow_leaf_curl_virus_google_0147.jpg,35,35,31,9
1561,/lustre/backup/WUR/WFSR/gaur001/PlantSeg/plantsegv3/images/train/tomato_yellow_leaf_curl_virus_google_0150.jpg,35,35,31,9
1562,/lustre/backup/WUR/WFSR/gaur001/PlantSeg/plantsegv3/images/train/tomato_yellow_leaf_curl_virus_google_0151.jpg,35,35,25,25
1563,/lustre/backup/WUR/WFSR/gaur001/PlantSeg/plantsegv3/images/val/tomato_yellow_leaf_curl_virus_google_0171.jpg,35,35,31,9
1564,/lustre/backup/WUR/WFSR/gaur001/PlantSeg/plantsegv3/images/train/tomato_yellow_leaf_curl_virus_google_0172.jpg,35,35,9,25
1565,/lustre/backup/WUR/WFSR/gaur001/PlantSeg/plantsegv3/images/train/tomato_yellow_leaf_curl_virus_google_0173.jpg,35,35,31,25
1566,/lustre/backup/WUR/WFSR/gaur001/PlantSeg/plantsegv3/images/test/apple_black_rot_143.jpg,1,1,20,9
1567,/lustre/backup/WUR/WFSR/gaur001/PlantSeg/plantsegv3/images/test/apple_black_rot_144.jpg,1,1,15,9
1568,/lustre/backup/WUR/WFSR/gaur001/PlantSeg/plantsegv3/images/test/apple_black_rot_149.jpg,1,1,9,9
1569,/lustre/backup/WUR/WFSR/gaur001/PlantSeg/plantsegv3/images/test/apple_black_rot_167.jpg,1,1,9,9
1570,/lustre/backup/WUR/WFSR/gaur001/PlantSeg/plantsegv3/images/test/apple_black_rot_175.jpg,1,1,3,9
1571,/lustre/backup/WUR/WFSR/gaur001/PlantSeg/plantsegv3/images/test/apple_black_rot_18.jpg,1,1,3,7
1572,/lustre/backup/WUR/WFSR/gaur001/PlantSeg/plantsegv3/images/test/apple_black_rot_7.jpg,1,1,26,1
1573,/lustre/backup/WUR/WFSR/gaur001/PlantSeg/plantsegv3/images/test/apple_black_rot_google_0001.jpg,1,1,25,9
1574,/lustre/backup/WUR/WFSR/gaur001/PlantSeg/plantsegv3/images/test/apple_black_rot_google_0008.jpg,1,1,25,25
1575,/lustre/backup/WUR/WFSR/gaur001/PlantSeg/plantsegv3/images/test/apple_black_rot_google_0037.jpg,1,1,3,9
1576,/lustre/backup/WUR/WFSR/gaur001/PlantSeg/plantsegv3/images/test/apple_black_rot_google_0052.jpg,1,1,3,9
1577,/lustre/backup/WUR/WFSR/gaur001/PlantSeg/plantsegv3/images/test/apple_black_rot_google_0058.jpg,1,1,3,9
1578,/lustre/backup/WUR/WFSR/gaur001/PlantSeg/plantsegv3/images/test/apple_black_rot_google_0077.jpg,1,1,25,9
1579,/lustre/backup/WUR/WFSR/gaur001/PlantSeg/plantsegv3/images/test/apple_black_rot_google_0097.jpg,1,1,9,9
1580,/lustre/backup/WUR/WFSR/gaur001/PlantSeg/plantsegv3/images/test/apple_black_rot_google_0113.jpg,1,1,1,1
1581,/lustre/backup/WUR/WFSR/gaur001/PlantSeg/plantsegv3/images/test/apple_black_rot_google_0156.jpg,1,1,1,1
1582,/lustre/backup/WUR/WFSR/gaur001/PlantSeg/plantsegv3/images/test/apple_black_rot_google_0160.jpg,1,1,9,25
1583,/lustre/backup/WUR/WFSR/gaur001/PlantSeg/plantsegv3/images/test/apple_scab_14.jpg,0,0,9,25
1584,/lustre/backup/WUR/WFSR/gaur001/PlantSeg/plantsegv3/images/test/apple_scab_18.jpg,0,0,9,9
1585,/lustre/backup/WUR/WFSR/gaur001/PlantSeg/plantsegv3/images/test/apple_scab_2.jpg,0,0,9,9
1586,/lustre/backup/WUR/WFSR/gaur001/PlantSeg/plantsegv3/images/test/apple_scab_23.jpg,0,0,9,9
1587,/lustre/backup/WUR/WFSR/gaur001/PlantSeg/plantsegv3/images/test/apple_scab_25.jpg,0,0,3,20
1588,/lustre/backup/WUR/WFSR/gaur001/PlantSeg/plantsegv3/images/test/apple_scab_26.jpg,0,0,9,9
1589,/lustre/backup/WUR/WFSR/gaur001/PlantSeg/plantsegv3/images/test/apple_scab_32.jpg,0,0,25,9
1590,/lustre/backup/WUR/WFSR/gaur001/PlantSeg/plantsegv3/images/test/apple_scab_43.jpg,0,0,9,9
1591,/lustre/backup/WUR/WFSR/gaur001/PlantSeg/plantsegv3/images/test/apple_scab_50.jpg,0,0,25,25
1592,/lustre/backup/WUR/WFSR/gaur001/PlantSeg/plantsegv3/images/test/apple_scab_51.jpg,0,0,9,25
1593,/lustre/backup/WUR/WFSR/gaur001/PlantSeg/plantsegv3/images/test/apple_scab_66.jpg,0,0,9,9
1594,/lustre/backup/WUR/WFSR/gaur001/PlantSeg/plantsegv3/images/test/apple_scab_67.jpg,0,0,9,9
1595,/lustre/backup/WUR/WFSR/gaur001/PlantSeg/plantsegv3/images/test/apple_scab_77.jpg,0,0,11,20
1596,/lustre/backup/WUR/WFSR/gaur001/PlantSeg/plantsegv3/images/test/apple_scab_8.jpg,0,0,3,25
1597,/lustre/backup/WUR/WFSR/gaur001/PlantSeg/plantsegv3/images/test/apple_scab_85.jpg,0,0,18,20
1598,/lustre/backup/WUR/WFSR/gaur001/PlantSeg/plantsegv3/images/test/apple_scab_google_0000.jpg,0,0,9,9
1599,/lustre/backup/WUR/WFSR/gaur001/PlantSeg/plantsegv3/images/test/apple_scab_google_0018.jpg,0,0,9,9
1600,/lustre/backup/WUR/WFSR/gaur001/PlantSeg/plantsegv3/images/test/apple_scab_google_0020.jpg,0,0,0,25
1601,/lustre/backup/WUR/WFSR/gaur001/PlantSeg/plantsegv3/images/test/apple_scab_google_0023.jpg,0,0,0,0
1602,/lustre/backup/WUR/WFSR/gaur001/PlantSeg/plantsegv3/images/test/apple_scab_google_0031.jpg,0,0,9,9
1603,/lustre/backup/WUR/WFSR/gaur001/PlantSeg/plantsegv3/images/test/apple_scab_google_0036.jpg,0,0,9,9
1604,/lustre/backup/WUR/WFSR/gaur001/PlantSeg/plantsegv3/images/test/apple_scab_google_0037.jpg,0,0,15,20
1605,/lustre/backup/WUR/WFSR/gaur001/PlantSeg/plantsegv3/images/test/apple_scab_google_0045.jpg,0,0,9,25
1606,/lustre/backup/WUR/WFSR/gaur001/PlantSeg/plantsegv3/images/test/apple_scab_google_0065.jpg,0,0,20,25
1607,/lustre/backup/WUR/WFSR/gaur001/PlantSeg/plantsegv3/images/test/apple_scab_google_0093.jpg,0,0,25,9
1608,/lustre/backup/WUR/WFSR/gaur001/PlantSeg/plantsegv3/images/test/apple_scab_google_0106.jpg,0,0,9,9
1609,/lustre/backup/WUR/WFSR/gaur001/PlantSeg/plantsegv3/images/test/apple_scab_google_0107.jpg,0,0,25,20
1610,/lustre/backup/WUR/WFSR/gaur001/PlantSeg/plantsegv3/images/test/apple_scab_google_0119.jpg,0,0,9,9
1611,/lustre/backup/WUR/WFSR/gaur001/PlantSeg/plantsegv3/images/test/apple_scab_google_0121.jpg,0,0,25,9
1612,/lustre/backup/WUR/WFSR/gaur001/PlantSeg/plantsegv3/images/test/apple_scab_google_0124.jpg,0,0,9,9
1613,/lustre/backup/WUR/WFSR/gaur001/PlantSeg/plantsegv3/images/test/apple_scab_google_0130.jpg,0,0,26,9
1614,/lustre/backup/WUR/WFSR/gaur001/PlantSeg/plantsegv3/images/test/apple_scab_google_0132.jpg,0,0,25,9
1615,/lustre/backup/WUR/WFSR/gaur001/PlantSeg/plantsegv3/images/test/apple_scab_google_0153.jpg,0,0,11,9
1616,/lustre/backup/WUR/WFSR/gaur001/PlantSeg/plantsegv3/images/test/apple_scab_google_0200.jpg,0,0,11,9
1617,/lustre/backup/WUR/WFSR/gaur001/PlantSeg/plantsegv3/images/test/apple_scab_google_0203.jpg,0,0,9,9
1618,/lustre/backup/WUR/WFSR/gaur001/PlantSeg/plantsegv3/images/test/apple_scab_google_0230.jpg,0,0,20,20
1619,/lustre/backup/WUR/WFSR/gaur001/PlantSeg/plantsegv3/images/test/apple_scab_google_0238.jpg,0,0,31,26
1620,/lustre/backup/WUR/WFSR/gaur001/PlantSeg/plantsegv3/images/test/apple_scab_google_0244.jpg,0,0,9,9
1621,/lustre/backup/WUR/WFSR/gaur001/PlantSeg/plantsegv3/images/test/apple_scab_google_0245.jpg,0,0,9,9
1622,/lustre/backup/WUR/WFSR/gaur001/PlantSeg/plantsegv3/images/test/apple_scab_google_0247.jpg,0,0,28,9
1623,/lustre/backup/WUR/WFSR/gaur001/PlantSeg/plantsegv3/images/test/apple_scab_google_0256.jpg,0,0,9,9
1624,/lustre/backup/WUR/WFSR/gaur001/PlantSeg/plantsegv3/images/test/apple_scab_google_0268.jpg,0,0,3,9
1625,/lustre/backup/WUR/WFSR/gaur001/PlantSeg/plantsegv3/images/test/apple_scab_google_0270.jpg,0,0,9,9
1626,/lustre/backup/WUR/WFSR/gaur001/PlantSeg/plantsegv3/images/test/apple_scab_google_0273.jpg,0,0,25,9
1627,/lustre/backup/WUR/WFSR/gaur001/PlantSeg/plantsegv3/images/test/apple_scab_google_0283.jpg,0,0,9,9
1628,/lustre/backup/WUR/WFSR/gaur001/PlantSeg/plantsegv3/images/test/apple_scab_google_0284.jpg,0,0,9,9
1629,/lustre/backup/WUR/WFSR/gaur001/PlantSeg/plantsegv3/images/test/apple_scab_google_0288.jpg,0,0,9,9
1630,/lustre/backup/WUR/WFSR/gaur001/PlantSeg/plantsegv3/images/test/apple_scab_google_0297.jpg,0,0,9,9
1631,/lustre/backup/WUR/WFSR/gaur001/PlantSeg/plantsegv3/images/test/apple_scab_google_0300.jpg,0,0,9,9
1632,/lustre/backup/WUR/WFSR/gaur001/PlantSeg/plantsegv3/images/test/apple_scab_google_0305.jpg,0,0,3,25
1633,/lustre/backup/WUR/WFSR/gaur001/PlantSeg/plantsegv3/images/test/apple_scab_google_0320.jpg,0,0,26,9
1634,/lustre/backup/WUR/WFSR/gaur001/PlantSeg/plantsegv3/images/test/apple_scab_google_0323.jpg,0,0,9,9
1635,/lustre/backup/WUR/WFSR/gaur001/PlantSeg/plantsegv3/images/test/bell_pepper_bacterial_spot_Bing_0002.jpg,18,18,18,25
1636,/lustre/backup/WUR/WFSR/gaur001/PlantSeg/plantsegv3/images/test/bell_pepper_bacterial_spot_Bing_0003.jpg,18,18,3,9
1637,/lustre/backup/WUR/WFSR/gaur001/PlantSeg/plantsegv3/images/test/bell_pepper_bacterial_spot_Bing_0005.jpg,18,18,18,9
1638,/lustre/backup/WUR/WFSR/gaur001/PlantSeg/plantsegv3/images/test/bell_pepper_bacterial_spot_Bing_0008.jpg,18,18,9,9
1639,/lustre/backup/WUR/WFSR/gaur001/PlantSeg/plantsegv3/images/test/bell_pepper_bacterial_spot_Bing_0019.jpg,18,18,18,9
1640,/lustre/backup/WUR/WFSR/gaur001/PlantSeg/plantsegv3/images/test/bell_pepper_bacterial_spot_Bing_0022.jpg,18,18,9,9
1641,/lustre/backup/WUR/WFSR/gaur001/PlantSeg/plantsegv3/images/test/bell_pepper_bacterial_spot_Bing_0028.jpg,18,18,26,25
1642,/lustre/backup/WUR/WFSR/gaur001/PlantSeg/plantsegv3/images/test/bell_pepper_bacterial_spot_Bing_0036.jpg,18,18,9,9
1643,/lustre/backup/WUR/WFSR/gaur001/PlantSeg/plantsegv3/images/test/bell_pepper_bacterial_spot_Bing_0054.jpg,18,18,1,9
1644,/lustre/backup/WUR/WFSR/gaur001/PlantSeg/plantsegv3/images/test/bell_pepper_bacterial_spot_Bing_0055.jpg,18,18,18,9
1645,/lustre/backup/WUR/WFSR/gaur001/PlantSeg/plantsegv3/images/test/bell_pepper_bacterial_spot_Bing_0079.jpg,18,18,20,20
1646,/lustre/backup/WUR/WFSR/gaur001/PlantSeg/plantsegv3/images/test/bell_pepper_bacterial_spot_Bing_0105.jpg,18,18,9,9
1647,/lustre/backup/WUR/WFSR/gaur001/PlantSeg/plantsegv3/images/test/bell_pepper_bacterial_spot_Bing_0111.jpg,18,18,26,9
1648,/lustre/backup/WUR/WFSR/gaur001/PlantSeg/plantsegv3/images/test/bell_pepper_bacterial_spot_Bing_0119.jpg,18,18,18,9
1649,/lustre/backup/WUR/WFSR/gaur001/PlantSeg/plantsegv3/images/test/bell_pepper_bacterial_spot_Bing_0164.jpg,18,18,18,9
1650,/lustre/backup/WUR/WFSR/gaur001/PlantSeg/plantsegv3/images/test/cherry_powdery_mildew_107.jpg,5,5,25,9
1651,/lustre/backup/WUR/WFSR/gaur001/PlantSeg/plantsegv3/images/test/cherry_powdery_mildew_2.jpg,5,5,25,25
1652,/lustre/backup/WUR/WFSR/gaur001/PlantSeg/plantsegv3/images/test/cherry_powdery_mildew_60.jpg,5,5,3,25
1653,/lustre/backup/WUR/WFSR/gaur001/PlantSeg/plantsegv3/images/test/cherry_powdery_mildew_65.jpg,5,5,25,9
1654,/lustre/backup/WUR/WFSR/gaur001/PlantSeg/plantsegv3/images/test/cherry_powdery_mildew_67.jpg,5,5,9,25
1655,/lustre/backup/WUR/WFSR/gaur001/PlantSeg/plantsegv3/images/test/cherry_powdery_mildew_76.jpg,5,5,20,25
1656,/lustre/backup/WUR/WFSR/gaur001/PlantSeg/plantsegv3/images/test/cherry_powdery_mildew_google_0062.jpg,5,5,3,5
1657,/lustre/backup/WUR/WFSR/gaur001/PlantSeg/plantsegv3/images/test/corn_northern_leaf_blight_101.jpg,9,9,9,9
1658,/lustre/backup/WUR/WFSR/gaur001/PlantSeg/plantsegv3/images/test/corn_northern_leaf_blight_14.jpg,9,9,9,9
1659,/lustre/backup/WUR/WFSR/gaur001/PlantSeg/plantsegv3/images/test/corn_northern_leaf_blight_2.jpg,9,9,9,9
1660,/lustre/backup/WUR/WFSR/gaur001/PlantSeg/plantsegv3/images/test/corn_northern_leaf_blight_28.jpg,9,9,9,9
1661,/lustre/backup/WUR/WFSR/gaur001/PlantSeg/plantsegv3/images/test/corn_northern_leaf_blight_30.jpg,9,9,9,9
1662,/lustre/backup/WUR/WFSR/gaur001/PlantSeg/plantsegv3/images/test/corn_northern_leaf_blight_33.jpg,9,9,9,9
1663,/lustre/backup/WUR/WFSR/gaur001/PlantSeg/plantsegv3/images/test/corn_northern_leaf_blight_37.jpg,9,9,9,9
1664,/lustre/backup/WUR/WFSR/gaur001/PlantSeg/plantsegv3/images/test/corn_northern_leaf_blight_49.jpg,9,9,9,9
1665,/lustre/backup/WUR/WFSR/gaur001/PlantSeg/plantsegv3/images/test/corn_northern_leaf_blight_53.jpg,9,9,9,9
1666,/lustre/backup/WUR/WFSR/gaur001/PlantSeg/plantsegv3/images/test/corn_northern_leaf_blight_62.jpg,9,9,9,9
1667,/lustre/backup/WUR/WFSR/gaur001/PlantSeg/plantsegv3/images/test/corn_northern_leaf_blight_69.jpg,9,9,25,9
1668,/lustre/backup/WUR/WFSR/gaur001/PlantSeg/plantsegv3/images/test/corn_northern_leaf_blight_81.jpg,9,9,25,25
1669,/lustre/backup/WUR/WFSR/gaur001/PlantSeg/plantsegv3/images/test/corn_northern_leaf_blight_google_0000.jpg,9,9,9,9
1670,/lustre/backup/WUR/WFSR/gaur001/PlantSeg/plantsegv3/images/test/corn_northern_leaf_blight_google_0012.jpg,9,9,9,9
1671,/lustre/backup/WUR/WFSR/gaur001/PlantSeg/plantsegv3/images/test/corn_northern_leaf_blight_google_0018.jpg,9,9,9,9
1672,/lustre/backup/WUR/WFSR/gaur001/PlantSeg/plantsegv3/images/test/corn_northern_leaf_blight_google_0023.jpg,9,9,9,9
1673,/lustre/backup/WUR/WFSR/gaur001/PlantSeg/plantsegv3/images/test/corn_northern_leaf_blight_google_0040.jpg,9,9,9,25
1674,/lustre/backup/WUR/WFSR/gaur001/PlantSeg/plantsegv3/images/test/corn_northern_leaf_blight_google_0041.jpg,9,9,30,25
1675,/lustre/backup/WUR/WFSR/gaur001/PlantSeg/plantsegv3/images/test/corn_northern_leaf_blight_google_0042.jpg,9,9,9,9
1676,/lustre/backup/WUR/WFSR/gaur001/PlantSeg/plantsegv3/images/test/corn_northern_leaf_blight_google_0059.jpg,9,9,9,25
1677,/lustre/backup/WUR/WFSR/gaur001/PlantSeg/plantsegv3/images/test/corn_northern_leaf_blight_google_0064.jpg,9,9,9,9
1678,/lustre/backup/WUR/WFSR/gaur001/PlantSeg/plantsegv3/images/test/corn_northern_leaf_blight_google_0069.jpg,9,9,9,9
1679,/lustre/backup/WUR/WFSR/gaur001/PlantSeg/plantsegv3/images/test/corn_northern_leaf_blight_google_0088.jpg,9,9,9,9
1680,/lustre/backup/WUR/WFSR/gaur001/PlantSeg/plantsegv3/images/test/corn_northern_leaf_blight_google_0099.jpg,9,9,25,9
1681,/lustre/backup/WUR/WFSR/gaur001/PlantSeg/plantsegv3/images/test/corn_northern_leaf_blight_google_0101.jpg,9,9,9,9
1682,/lustre/backup/WUR/WFSR/gaur001/PlantSeg/plantsegv3/images/test/corn_northern_leaf_blight_google_0133.jpg,9,9,9,9
1683,/lustre/backup/WUR/WFSR/gaur001/PlantSeg/plantsegv3/images/test/grape_black_rot_12.jpg,11,11,9,9
1684,/lustre/backup/WUR/WFSR/gaur001/PlantSeg/plantsegv3/images/test/grape_black_rot_216.jpg,11,11,25,25
1685,/lustre/backup/WUR/WFSR/gaur001/PlantSeg/plantsegv3/images/test/grape_black_rot_23.jpg,11,11,9,9
1686,/lustre/backup/WUR/WFSR/gaur001/PlantSeg/plantsegv3/images/test/grape_black_rot_3.jpg,11,11,11,9
1687,/lustre/backup/WUR/WFSR/gaur001/PlantSeg/plantsegv3/images/test/grape_black_rot_33.jpg,11,11,25,25
1688,/lustre/backup/WUR/WFSR/gaur001/PlantSeg/plantsegv3/images/test/grape_black_rot_google_0003.jpg,11,11,26,26
1689,/lustre/backup/WUR/WFSR/gaur001/PlantSeg/plantsegv3/images/test/grape_black_rot_google_0011.jpg,11,11,26,25
1690,/lustre/backup/WUR/WFSR/gaur001/PlantSeg/plantsegv3/images/test/grape_black_rot_google_0013.jpg,11,11,26,9
1691,/lustre/backup/WUR/WFSR/gaur001/PlantSeg/plantsegv3/images/test/grape_black_rot_google_0018.jpg,11,11,25,25
1692,/lustre/backup/WUR/WFSR/gaur001/PlantSeg/plantsegv3/images/test/grape_black_rot_google_0036.jpg,11,11,11,1
1693,/lustre/backup/WUR/WFSR/gaur001/PlantSeg/plantsegv3/images/test/grape_black_rot_google_0040.jpg,11,11,26,31
1694,/lustre/backup/WUR/WFSR/gaur001/PlantSeg/plantsegv3/images/test/grape_black_rot_google_0050.jpg,11,11,3,9
1695,/lustre/backup/WUR/WFSR/gaur001/PlantSeg/plantsegv3/images/test/grape_black_rot_google_0052.jpg,11,11,20,9
1696,/lustre/backup/WUR/WFSR/gaur001/PlantSeg/plantsegv3/images/test/grape_black_rot_google_0066.jpg,11,11,25,28
1697,/lustre/backup/WUR/WFSR/gaur001/PlantSeg/plantsegv3/images/test/grape_black_rot_google_0081.jpg,11,11,9,9
1698,/lustre/backup/WUR/WFSR/gaur001/PlantSeg/plantsegv3/images/test/grape_black_rot_google_0088.jpg,11,11,26,9
1699,/lustre/backup/WUR/WFSR/gaur001/PlantSeg/plantsegv3/images/test/grape_black_rot_google_0096.jpg,11,11,9,25
1700,/lustre/backup/WUR/WFSR/gaur001/PlantSeg/plantsegv3/images/test/grape_black_rot_google_0097.jpg,11,11,11,25
1701,/lustre/backup/WUR/WFSR/gaur001/PlantSeg/plantsegv3/images/test/grape_black_rot_google_0108.jpg,11,11,26,25
1702,/lustre/backup/WUR/WFSR/gaur001/PlantSeg/plantsegv3/images/test/grape_black_rot_google_0166.jpg,11,11,25,9
1703,/lustre/backup/WUR/WFSR/gaur001/PlantSeg/plantsegv3/images/test/grape_black_rot_google_0188.jpg,11,11,20,9
1704,/lustre/backup/WUR/WFSR/gaur001/PlantSeg/plantsegv3/images/test/grape_black_rot_google_0233.jpg,11,11,26,9
1705,/lustre/backup/WUR/WFSR/gaur001/PlantSeg/plantsegv3/images/test/grape_black_rot_google_0239.jpg,11,11,26,25
1706,/lustre/backup/WUR/WFSR/gaur001/PlantSeg/plantsegv3/images/test/grape_black_rot_google_0320.jpg,11,11,25,31
1707,/lustre/backup/WUR/WFSR/gaur001/PlantSeg/plantsegv3/images/test/potato_early_blight_33.jpg,20,20,26,25
1708,/lustre/backup/WUR/WFSR/gaur001/PlantSeg/plantsegv3/images/test/potato_early_blight_59.jpg,20,20,3,9
1709,/lustre/backup/WUR/WFSR/gaur001/PlantSeg/plantsegv3/images/test/potato_early_blight_6.jpg,20,20,9,25
1710,/lustre/backup/WUR/WFSR/gaur001/PlantSeg/plantsegv3/images/test/potato_early_blight_google_0004.jpg,20,20,20,20
1711,/lustre/backup/WUR/WFSR/gaur001/PlantSeg/plantsegv3/images/test/potato_early_blight_google_0014.jpg,20,20,3,25
1712,/lustre/backup/WUR/WFSR/gaur001/PlantSeg/plantsegv3/images/test/potato_early_blight_google_0018.jpg,20,20,21,9
1713,/lustre/backup/WUR/WFSR/gaur001/PlantSeg/plantsegv3/images/test/potato_early_blight_google_0021.jpg,20,20,26,9
1714,/lustre/backup/WUR/WFSR/gaur001/PlantSeg/plantsegv3/images/test/potato_early_blight_google_0024.jpg,20,20,20,20
1715,/lustre/backup/WUR/WFSR/gaur001/PlantSeg/plantsegv3/images/test/potato_early_blight_google_0063.jpg,20,20,20,20
1716,/lustre/backup/WUR/WFSR/gaur001/PlantSeg/plantsegv3/images/test/potato_early_blight_google_0076.jpg,20,20,26,9
1717,/lustre/backup/WUR/WFSR/gaur001/PlantSeg/plantsegv3/images/test/potato_early_blight_google_0077.jpg,20,20,26,25
1718,/lustre/backup/WUR/WFSR/gaur001/PlantSeg/plantsegv3/images/test/potato_early_blight_google_0095.jpg,20,20,26,9
1719,/lustre/backup/WUR/WFSR/gaur001/PlantSeg/plantsegv3/images/test/potato_early_blight_google_0097.jpg,20,20,25,25
1720,/lustre/backup/WUR/WFSR/gaur001/PlantSeg/plantsegv3/images/test/potato_early_blight_google_0105.jpg,20,20,20,25
1721,/lustre/backup/WUR/WFSR/gaur001/PlantSeg/plantsegv3/images/test/potato_early_blight_google_0118.jpg,20,20,3,25
1722,/lustre/backup/WUR/WFSR/gaur001/PlantSeg/plantsegv3/images/test/potato_early_blight_google_0147.jpg,20,20,9,31
1723,/lustre/backup/WUR/WFSR/gaur001/PlantSeg/plantsegv3/images/test/potato_early_blight_google_0153.jpg,20,20,20,20
1724,/lustre/backup/WUR/WFSR/gaur001/PlantSeg/plantsegv3/images/test/potato_early_blight_google_0182.jpg,20,20,3,9
1725,/lustre/backup/WUR/WFSR/gaur001/PlantSeg/plantsegv3/images/test/potato_early_blight_google_0192.jpg,20,20,9,31
1726,/lustre/backup/WUR/WFSR/gaur001/PlantSeg/plantsegv3/images/test/potato_early_blight_google_0194.jpg,20,20,20,20
1727,/lustre/backup/WUR/WFSR/gaur001/PlantSeg/plantsegv3/images/test/potato_early_blight_google_0198.jpg,20,20,26,25
1728,/lustre/backup/WUR/WFSR/gaur001/PlantSeg/plantsegv3/images/test/potato_early_blight_google_0224.jpg,20,20,31,28
1729,/lustre/backup/WUR/WFSR/gaur001/PlantSeg/plantsegv3/images/test/potato_early_blight_google_0252.jpg,20,20,29,25
1730,/lustre/backup/WUR/WFSR/gaur001/PlantSeg/plantsegv3/images/test/potato_early_blight_google_0265.jpg,20,20,20,20
1731,/lustre/backup/WUR/WFSR/gaur001/PlantSeg/plantsegv3/images/test/potato_early_blight_google_0277.jpg,20,20,20,20
1732,/lustre/backup/WUR/WFSR/gaur001/PlantSeg/plantsegv3/images/test/potato_late_blight_11.jpg,21,21,3,9
1733,/lustre/backup/WUR/WFSR/gaur001/PlantSeg/plantsegv3/images/test/potato_late_blight_36.jpg,21,21,25,25
1734,/lustre/backup/WUR/WFSR/gaur001/PlantSeg/plantsegv3/images/test/potato_late_blight_43.jpg,21,21,21,25
1735,/lustre/backup/WUR/WFSR/gaur001/PlantSeg/plantsegv3/images/test/potato_late_blight_6.jpg,21,21,20,25
1736,/lustre/backup/WUR/WFSR/gaur001/PlantSeg/plantsegv3/images/test/potato_late_blight_86.jpg,21,21,3,9
1737,/lustre/backup/WUR/WFSR/gaur001/PlantSeg/plantsegv3/images/test/potato_late_blight_95.jpg,21,21,26,25
1738,/lustre/backup/WUR/WFSR/gaur001/PlantSeg/plantsegv3/images/test/potato_late_blight_96.jpg,21,21,20,9
1739,/lustre/backup/WUR/WFSR/gaur001/PlantSeg/plantsegv3/images/test/potato_late_blight_google_0032.jpg,21,21,13,21
1740,/lustre/backup/WUR/WFSR/gaur001/PlantSeg/plantsegv3/images/test/potato_late_blight_google_0048.jpg,21,21,20,25
1741,/lustre/backup/WUR/WFSR/gaur001/PlantSeg/plantsegv3/images/test/potato_late_blight_google_0053.jpg,21,21,26,9
1742,/lustre/backup/WUR/WFSR/gaur001/PlantSeg/plantsegv3/images/test/potato_late_blight_google_0082.jpg,21,21,25,9
1743,/lustre/backup/WUR/WFSR/gaur001/PlantSeg/plantsegv3/images/test/potato_late_blight_google_0084.jpg,21,21,9,25
1744,/lustre/backup/WUR/WFSR/gaur001/PlantSeg/plantsegv3/images/test/potato_late_blight_google_0100.jpg,21,21,9,25
1745,/lustre/backup/WUR/WFSR/gaur001/PlantSeg/plantsegv3/images/test/potato_late_blight_google_0102.jpg,21,21,9,25
1746,/lustre/backup/WUR/WFSR/gaur001/PlantSeg/plantsegv3/images/test/potato_late_blight_google_0107.jpg,21,21,3,21
1747,/lustre/backup/WUR/WFSR/gaur001/PlantSeg/plantsegv3/images/test/potato_late_blight_google_0135.jpg,21,21,9,10
1748,/lustre/backup/WUR/WFSR/gaur001/PlantSeg/plantsegv3/images/test/potato_late_blight_google_0169.jpg,21,21,9,26
1749,/lustre/backup/WUR/WFSR/gaur001/PlantSeg/plantsegv3/images/test/potato_late_blight_google_0179.jpg,21,21,21,31
1750,/lustre/backup/WUR/WFSR/gaur001/PlantSeg/plantsegv3/images/test/potato_late_blight_google_0183.jpg,21,21,21,20
1751,/lustre/backup/WUR/WFSR/gaur001/PlantSeg/plantsegv3/images/test/potato_late_blight_google_0205.jpg,21,21,26,25
1752,/lustre/backup/WUR/WFSR/gaur001/PlantSeg/plantsegv3/images/test/potato_late_blight_google_0219.jpg,21,21,21,9
1753,/lustre/backup/WUR/WFSR/gaur001/PlantSeg/plantsegv3/images/test/potato_late_blight_google_0225.jpg,21,21,9,9
1754,/lustre/backup/WUR/WFSR/gaur001/PlantSeg/plantsegv3/images/test/potato_late_blight_google_0234.jpg,21,21,21,29
1755,/lustre/backup/WUR/WFSR/gaur001/PlantSeg/plantsegv3/images/test/squash_powdery_mildew_114.jpg,25,25,25,25
1756,/lustre/backup/WUR/WFSR/gaur001/PlantSeg/plantsegv3/images/test/squash_powdery_mildew_129.jpg,25,25,9,25
1757,/lustre/backup/WUR/WFSR/gaur001/PlantSeg/plantsegv3/images/test/squash_powdery_mildew_17.jpg,25,25,25,25
1758,/lustre/backup/WUR/WFSR/gaur001/PlantSeg/plantsegv3/images/test/squash_powdery_mildew_20.jpg,25,25,25,25
1759,/lustre/backup/WUR/WFSR/gaur001/PlantSeg/plantsegv3/images/test/squash_powdery_mildew_23.jpg,25,25,25,25
1760,/lustre/backup/WUR/WFSR/gaur001/PlantSeg/plantsegv3/images/test/squash_powdery_mildew_28.jpg,25,25,25,25
1761,/lustre/backup/WUR/WFSR/gaur001/PlantSeg/plantsegv3/images/test/squash_powdery_mildew_32.jpg,25,25,9,25
1762,/lustre/backup/WUR/WFSR/gaur001/PlantSeg/plantsegv3/images/test/squash_powdery_mildew_35.jpg,25,25,25,25
1763,/lustre/backup/WUR/WFSR/gaur001/PlantSeg/plantsegv3/images/test/squash_powdery_mildew_37.jpg,25,25,9,9
1764,/lustre/backup/WUR/WFSR/gaur001/PlantSeg/plantsegv3/images/test/squash_powdery_mildew_41.jpg,25,25,9,9
1765,/lustre/backup/WUR/WFSR/gaur001/PlantSeg/plantsegv3/images/test/squash_powdery_mildew_47.jpg,25,25,25,25
1766,/lustre/backup/WUR/WFSR/gaur001/PlantSeg/plantsegv3/images/test/squash_powdery_mildew_48.jpg,25,25,25,25
1767,/lustre/backup/WUR/WFSR/gaur001/PlantSeg/plantsegv3/images/test/squash_powdery_mildew_50.jpg,25,25,25,25
1768,/lustre/backup/WUR/WFSR/gaur001/PlantSeg/plantsegv3/images/test/squash_powdery_mildew_6.jpg,25,25,26,25
1769,/lustre/backup/WUR/WFSR/gaur001/PlantSeg/plantsegv3/images/test/squash_powdery_mildew_71.jpg,25,25,25,25
1770,/lustre/backup/WUR/WFSR/gaur001/PlantSeg/plantsegv3/images/test/squash_powdery_mildew_google_0000.jpg,25,25,9,9
1771,/lustre/backup/WUR/WFSR/gaur001/PlantSeg/plantsegv3/images/test/squash_powdery_mildew_google_0001.jpg,25,25,25,25
1772,/lustre/backup/WUR/WFSR/gaur001/PlantSeg/plantsegv3/images/test/squash_powdery_mildew_google_0006.jpg,25,25,25,25
1773,/lustre/backup/WUR/WFSR/gaur001/PlantSeg/plantsegv3/images/test/squash_powdery_mildew_google_0011.jpg,25,25,25,25
1774,/lustre/backup/WUR/WFSR/gaur001/PlantSeg/plantsegv3/images/test/squash_powdery_mildew_google_0033.jpg,25,25,25,25
1775,/lustre/backup/WUR/WFSR/gaur001/PlantSeg/plantsegv3/images/test/squash_powdery_mildew_google_0035.jpg,25,25,25,25
1776,/lustre/backup/WUR/WFSR/gaur001/PlantSeg/plantsegv3/images/test/squash_powdery_mildew_google_0045.jpg,25,25,25,25
1777,/lustre/backup/WUR/WFSR/gaur001/PlantSeg/plantsegv3/images/test/squash_powdery_mildew_google_0047.jpg,25,25,26,25
1778,/lustre/backup/WUR/WFSR/gaur001/PlantSeg/plantsegv3/images/test/squash_powdery_mildew_google_0049.jpg,25,25,25,25
1779,/lustre/backup/WUR/WFSR/gaur001/PlantSeg/plantsegv3/images/test/squash_powdery_mildew_google_0070.jpg,25,25,25,25
1780,/lustre/backup/WUR/WFSR/gaur001/PlantSeg/plantsegv3/images/test/squash_powdery_mildew_google_0079.jpg,25,25,9,25
1781,/lustre/backup/WUR/WFSR/gaur001/PlantSeg/plantsegv3/images/test/squash_powdery_mildew_google_0102.jpg,25,25,25,25
1782,/lustre/backup/WUR/WFSR/gaur001/PlantSeg/plantsegv3/images/test/squash_powdery_mildew_google_0105.jpg,25,25,25,25
1783,/lustre/backup/WUR/WFSR/gaur001/PlantSeg/plantsegv3/images/test/squash_powdery_mildew_google_0109.jpg,25,25,25,25
1784,/lustre/backup/WUR/WFSR/gaur001/PlantSeg/plantsegv3/images/test/squash_powdery_mildew_google_0119.jpg,25,25,25,25
1785,/lustre/backup/WUR/WFSR/gaur001/PlantSeg/plantsegv3/images/test/squash_powdery_mildew_google_0124.jpg,25,25,25,25
1786,/lustre/backup/WUR/WFSR/gaur001/PlantSeg/plantsegv3/images/test/squash_powdery_mildew_google_0150.jpg,25,25,25,25
1787,/lustre/backup/WUR/WFSR/gaur001/PlantSeg/plantsegv3/images/test/squash_powdery_mildew_google_0183.jpg,25,25,25,25
1788,/lustre/backup/WUR/WFSR/gaur001/PlantSeg/plantsegv3/images/test/squash_powdery_mildew_google_0191.jpg,25,25,26,9
1789,/lustre/backup/WUR/WFSR/gaur001/PlantSeg/plantsegv3/images/test/squash_powdery_mildew_google_0196.jpg,25,25,26,25
1790,/lustre/backup/WUR/WFSR/gaur001/PlantSeg/plantsegv3/images/test/squash_powdery_mildew_google_0327.jpg,25,25,25,25
1791,/lustre/backup/WUR/WFSR/gaur001/PlantSeg/plantsegv3/images/test/strawberry_leaf_scorch_google_0017.jpg,26,26,26,26
1792,/lustre/backup/WUR/WFSR/gaur001/PlantSeg/plantsegv3/images/test/strawberry_leaf_scorch_google_0037.jpg,26,26,26,9
1793,/lustre/backup/WUR/WFSR/gaur001/PlantSeg/plantsegv3/images/test/strawberry_leaf_scorch_google_0043.jpg,26,26,26,26
1794,/lustre/backup/WUR/WFSR/gaur001/PlantSeg/plantsegv3/images/test/strawberry_leaf_scorch_google_0062.jpg,26,26,26,25
1795,/lustre/backup/WUR/WFSR/gaur001/PlantSeg/plantsegv3/images/test/strawberry_leaf_scorch_google_0117.jpg,26,26,26,9
1796,/lustre/backup/WUR/WFSR/gaur001/PlantSeg/plantsegv3/images/test/strawberry_leaf_scorch_google_0122.jpg,26,26,26,9
1797,/lustre/backup/WUR/WFSR/gaur001/PlantSeg/plantsegv3/images/test/strawberry_leaf_scorch_google_0133.jpg,26,26,18,25
1798,/lustre/backup/WUR/WFSR/gaur001/PlantSeg/plantsegv3/images/test/strawberry_leaf_scorch_google_0186.jpg,26,26,26,9
1799,/lustre/backup/WUR/WFSR/gaur001/PlantSeg/plantsegv3/images/test/tomato_early_blight_10.jpg,29,29,12,25
1800,/lustre/backup/WUR/WFSR/gaur001/PlantSeg/plantsegv3/images/test/tomato_early_blight_118.jpg,29,29,9,25
1801,/lustre/backup/WUR/WFSR/gaur001/PlantSeg/plantsegv3/images/test/tomato_early_blight_136.jpg,29,29,11,9
1802,/lustre/backup/WUR/WFSR/gaur001/PlantSeg/plantsegv3/images/test/tomato_early_blight_14.jpg,29,29,9,25
1803,/lustre/backup/WUR/WFSR/gaur001/PlantSeg/plantsegv3/images/test/tomato_early_blight_155.jpg,29,29,9,25
1804,/lustre/backup/WUR/WFSR/gaur001/PlantSeg/plantsegv3/images/test/tomato_early_blight_159.jpg,29,29,9,9
1805,/lustre/backup/WUR/WFSR/gaur001/PlantSeg/plantsegv3/images/test/tomato_early_blight_160.jpg,29,29,21,10
1806,/lustre/backup/WUR/WFSR/gaur001/PlantSeg/plantsegv3/images/test/tomato_early_blight_172.jpg,29,29,25,26
1807,/lustre/backup/WUR/WFSR/gaur001/PlantSeg/plantsegv3/images/test/tomato_early_blight_173.jpg,29,29,25,9
1808,/lustre/backup/WUR/WFSR/gaur001/PlantSeg/plantsegv3/images/test/tomato_early_blight_191.jpg,29,29,9,25
1809,/lustre/backup/WUR/WFSR/gaur001/PlantSeg/plantsegv3/images/test/tomato_early_blight_202.jpg,29,29,9,9
1810,/lustre/backup/WUR/WFSR/gaur001/PlantSeg/plantsegv3/images/test/tomato_early_blight_321.jpg,29,29,25,25
1811,/lustre/backup/WUR/WFSR/gaur001/PlantSeg/plantsegv3/images/test/tomato_early_blight_4.jpg,29,29,25,9
1812,/lustre/backup/WUR/WFSR/gaur001/PlantSeg/plantsegv3/images/test/tomato_early_blight_62.jpg,29,29,20,25
1813,/lustre/backup/WUR/WFSR/gaur001/PlantSeg/plantsegv3/images/test/tomato_early_blight_671.jpg,29,29,9,9
1814,/lustre/backup/WUR/WFSR/gaur001/PlantSeg/plantsegv3/images/test/tomato_early_blight_96.jpg,29,29,31,25
1815,/lustre/backup/WUR/WFSR/gaur001/PlantSeg/plantsegv3/images/test/tomato_early_blight_google_0000.jpg,29,29,26,25
1816,/lustre/backup/WUR/WFSR/gaur001/PlantSeg/plantsegv3/images/test/tomato_early_blight_google_0041.jpg,29,29,20,25
1817,/lustre/backup/WUR/WFSR/gaur001/PlantSeg/plantsegv3/images/test/tomato_early_blight_google_0056.jpg,29,29,25,9
1818,/lustre/backup/WUR/WFSR/gaur001/PlantSeg/plantsegv3/images/test/tomato_early_blight_google_0059.jpg,29,29,26,9
1819,/lustre/backup/WUR/WFSR/gaur001/PlantSeg/plantsegv3/images/test/tomato_early_blight_google_0152.jpg,29,29,9,9
1820,/lustre/backup/WUR/WFSR/gaur001/PlantSeg/plantsegv3/images/test/tomato_early_blight_google_0163.jpg,29,29,20,20
1821,/lustre/backup/WUR/WFSR/gaur001/PlantSeg/plantsegv3/images/test/tomato_early_blight_google_0177.jpg,29,29,20,25
1822,/lustre/backup/WUR/WFSR/gaur001/PlantSeg/plantsegv3/images/test/tomato_early_blight_google_0188.jpg,29,29,9,9
1823,/lustre/backup/WUR/WFSR/gaur001/PlantSeg/plantsegv3/images/test/tomato_early_blight_google_0198.jpg,29,29,9,9
1824,/lustre/backup/WUR/WFSR/gaur001/PlantSeg/plantsegv3/images/test/tomato_early_blight_google_0209.jpg,29,29,1,3
1825,/lustre/backup/WUR/WFSR/gaur001/PlantSeg/plantsegv3/images/test/tomato_early_blight_google_0247.jpg,29,29,9,9
1826,/lustre/backup/WUR/WFSR/gaur001/PlantSeg/plantsegv3/images/test/tomato_early_blight_google_0249.jpg,29,29,26,9
1827,/lustre/backup/WUR/WFSR/gaur001/PlantSeg/plantsegv3/images/test/tomato_early_blight_google_0267.jpg,29,29,9,25
1828,/lustre/backup/WUR/WFSR/gaur001/PlantSeg/plantsegv3/images/test/tomato_early_blight_google_0273.jpg,29,29,9,9
1829,/lustre/backup/WUR/WFSR/gaur001/PlantSeg/plantsegv3/images/test/tomato_early_blight_google_0291.jpg,29,29,20,25
1830,/lustre/backup/WUR/WFSR/gaur001/PlantSeg/plantsegv3/images/test/tomato_early_blight_google_0319.jpg,29,29,9,9
1831,/lustre/backup/WUR/WFSR/gaur001/PlantSeg/plantsegv3/images/test/tomato_early_blight_google_0326.jpg,29,29,30,9
1832,/lustre/backup/WUR/WFSR/gaur001/PlantSeg/plantsegv3/images/test/tomato_early_blight_google_0341.jpg,29,29,9,25
1833,/lustre/backup/WUR/WFSR/gaur001/PlantSeg/plantsegv3/images/test/tomato_early_blight_google_0355.jpg,29,29,9,9
1834,/lustre/backup/WUR/WFSR/gaur001/PlantSeg/plantsegv3/images/test/tomato_early_blight_google_0411.jpg,29,29,31,31
1835,/lustre/backup/WUR/WFSR/gaur001/PlantSeg/plantsegv3/images/test/tomato_early_blight_google_0427.jpg,29,29,10,25
1836,/lustre/backup/WUR/WFSR/gaur001/PlantSeg/plantsegv3/images/test/tomato_late_blight_10.jpg,30,30,25,25
1837,/lustre/backup/WUR/WFSR/gaur001/PlantSeg/plantsegv3/images/test/tomato_late_blight_109.jpg,30,30,21,10
1838,/lustre/backup/WUR/WFSR/gaur001/PlantSeg/plantsegv3/images/test/tomato_late_blight_113.jpg,30,30,21,25
1839,/lustre/backup/WUR/WFSR/gaur001/PlantSeg/plantsegv3/images/test/tomato_late_blight_142.jpg,30,30,25,25
1840,/lustre/backup/WUR/WFSR/gaur001/PlantSeg/plantsegv3/images/test/tomato_late_blight_147.jpg,30,30,9,9
1841,/lustre/backup/WUR/WFSR/gaur001/PlantSeg/plantsegv3/images/test/tomato_late_blight_182.jpg,30,30,9,9
1842,/lustre/backup/WUR/WFSR/gaur001/PlantSeg/plantsegv3/images/test/tomato_late_blight_185.jpg,30,30,9,25
1843,/lustre/backup/WUR/WFSR/gaur001/PlantSeg/plantsegv3/images/test/tomato_late_blight_19.jpg,30,30,25,9
1844,/lustre/backup/WUR/WFSR/gaur001/PlantSeg/plantsegv3/images/test/tomato_late_blight_199.jpg,30,30,29,25
1845,/lustre/backup/WUR/WFSR/gaur001/PlantSeg/plantsegv3/images/test/tomato_late_blight_204.jpg,30,30,9,9
1846,/lustre/backup/WUR/WFSR/gaur001/PlantSeg/plantsegv3/images/test/tomato_late_blight_205.jpg,30,30,9,9
1847,/lustre/backup/WUR/WFSR/gaur001/PlantSeg/plantsegv3/images/test/tomato_late_blight_207.jpg,30,30,9,9
1848,/lustre/backup/WUR/WFSR/gaur001/PlantSeg/plantsegv3/images/test/tomato_late_blight_209.jpg,30,30,25,9
1849,/lustre/backup/WUR/WFSR/gaur001/PlantSeg/plantsegv3/images/test/tomato_late_blight_233.jpg,30,30,21,25
1850,/lustre/backup/WUR/WFSR/gaur001/PlantSeg/plantsegv3/images/test/tomato_late_blight_61.jpg,30,30,9,9
1851,/lustre/backup/WUR/WFSR/gaur001/PlantSeg/plantsegv3/images/test/tomato_late_blight_65.jpg,30,30,9,9
1852,/lustre/backup/WUR/WFSR/gaur001/PlantSeg/plantsegv3/images/test/tomato_late_blight_76.jpg,30,30,9,9
1853,/lustre/backup/WUR/WFSR/gaur001/PlantSeg/plantsegv3/images/test/tomato_late_blight_99.jpg,30,30,25,25
1854,/lustre/backup/WUR/WFSR/gaur001/PlantSeg/plantsegv3/images/test/tomato_late_blight_google_0024.jpg,30,30,25,9
1855,/lustre/backup/WUR/WFSR/gaur001/PlantSeg/plantsegv3/images/test/tomato_late_blight_google_0045.jpg,30,30,9,9
1856,/lustre/backup/WUR/WFSR/gaur001/PlantSeg/plantsegv3/images/test/tomato_late_blight_google_0059.jpg,30,30,25,9
1857,/lustre/backup/WUR/WFSR/gaur001/PlantSeg/plantsegv3/images/test/tomato_late_blight_google_0067.jpg,30,30,9,25
1858,/lustre/backup/WUR/WFSR/gaur001/PlantSeg/plantsegv3/images/test/tomato_late_blight_google_0080.jpg,30,30,9,9
1859,/lustre/backup/WUR/WFSR/gaur001/PlantSeg/plantsegv3/images/test/tomato_late_blight_google_0081.jpg,30,30,31,9
1860,/lustre/backup/WUR/WFSR/gaur001/PlantSeg/plantsegv3/images/test/tomato_late_blight_google_0084.jpg,30,30,20,9
1861,/lustre/backup/WUR/WFSR/gaur001/PlantSeg/plantsegv3/images/test/tomato_late_blight_google_0095.jpg,30,30,9,9
1862,/lustre/backup/WUR/WFSR/gaur001/PlantSeg/plantsegv3/images/test/tomato_late_blight_google_0118.jpg,30,30,9,25
1863,/lustre/backup/WUR/WFSR/gaur001/PlantSeg/plantsegv3/images/test/tomato_late_blight_google_0137.jpg,30,30,31,9
1864,/lustre/backup/WUR/WFSR/gaur001/PlantSeg/plantsegv3/images/test/tomato_late_blight_google_0175.jpg,30,30,25,25
1865,/lustre/backup/WUR/WFSR/gaur001/PlantSeg/plantsegv3/images/test/tomato_late_blight_google_0217.jpg,30,30,25,9
1866,/lustre/backup/WUR/WFSR/gaur001/PlantSeg/plantsegv3/images/test/tomato_late_blight_google_0221.jpg,30,30,25,25
1867,/lustre/backup/WUR/WFSR/gaur001/PlantSeg/plantsegv3/images/test/tomato_late_blight_google_0224.jpg,30,30,9,9
1868,/lustre/backup/WUR/WFSR/gaur001/PlantSeg/plantsegv3/images/test/tomato_late_blight_google_0226.jpg,30,30,26,9
1869,/lustre/backup/WUR/WFSR/gaur001/PlantSeg/plantsegv3/images/test/tomato_leaf_mold_10.jpg,31,31,25,9
1870,/lustre/backup/WUR/WFSR/gaur001/PlantSeg/plantsegv3/images/test/tomato_leaf_mold_148.jpg,31,31,9,25
1871,/lustre/backup/WUR/WFSR/gaur001/PlantSeg/plantsegv3/images/test/tomato_leaf_mold_150.jpg,31,31,20,9
1872,/lustre/backup/WUR/WFSR/gaur001/PlantSeg/plantsegv3/images/test/tomato_leaf_mold_151.jpg,31,31,31,9
1873,/lustre/backup/WUR/WFSR/gaur001/PlantSeg/plantsegv3/images/test/tomato_leaf_mold_163.jpg,31,31,9,9
1874,/lustre/backup/WUR/WFSR/gaur001/PlantSeg/plantsegv3/images/test/tomato_leaf_mold_182.jpg,31,31,9,9
1875,/lustre/backup/WUR/WFSR/gaur001/PlantSeg/plantsegv3/images/test/tomato_leaf_mold_190.jpg,31,31,25,25
1876,/lustre/backup/WUR/WFSR/gaur001/PlantSeg/plantsegv3/images/test/tomato_leaf_mold_196.jpg,31,31,26,25
1877,/lustre/backup/WUR/WFSR/gaur001/PlantSeg/plantsegv3/images/test/tomato_leaf_mold_202.jpg,31,31,9,9
1878,/lustre/backup/WUR/WFSR/gaur001/PlantSeg/plantsegv3/images/test/tomato_leaf_mold_203.jpg,31,31,9,9
1879,/lustre/backup/WUR/WFSR/gaur001/PlantSeg/plantsegv3/images/test/tomato_leaf_mold_235.jpg,31,31,9,25
1880,/lustre/backup/WUR/WFSR/gaur001/PlantSeg/plantsegv3/images/test/tomato_leaf_mold_25.jpg,31,31,9,9
1881,/lustre/backup/WUR/WFSR/gaur001/PlantSeg/plantsegv3/images/test/tomato_leaf_mold_259.jpg,31,31,31,9
1882,/lustre/backup/WUR/WFSR/gaur001/PlantSeg/plantsegv3/images/test/tomato_leaf_mold_264.jpg,31,31,3,25
1883,/lustre/backup/WUR/WFSR/gaur001/PlantSeg/plantsegv3/images/test/tomato_leaf_mold_265.jpg,31,31,9,9
1884,/lustre/backup/WUR/WFSR/gaur001/PlantSeg/plantsegv3/images/test/tomato_leaf_mold_277.jpg,31,31,9,18
1885,/lustre/backup/WUR/WFSR/gaur001/PlantSeg/plantsegv3/images/test/tomato_leaf_mold_31.jpg,31,31,25,8
1886,/lustre/backup/WUR/WFSR/gaur001/PlantSeg/plantsegv3/images/test/tomato_leaf_mold_32.jpg,31,31,9,25
1887,/lustre/backup/WUR/WFSR/gaur001/PlantSeg/plantsegv3/images/test/tomato_leaf_mold_40.jpg,31,31,21,25
1888,/lustre/backup/WUR/WFSR/gaur001/PlantSeg/plantsegv3/images/test/tomato_leaf_mold_59.jpg,31,31,20,25
1889,/lustre/backup/WUR/WFSR/gaur001/PlantSeg/plantsegv3/images/test/tomato_leaf_mold_99.jpg,31,31,25,9
1890,/lustre/backup/WUR/WFSR/gaur001/PlantSeg/plantsegv3/images/test/tomato_leaf_mold_google_0002.jpg,31,31,9,25
1891,/lustre/backup/WUR/WFSR/gaur001/PlantSeg/plantsegv3/images/test/tomato_leaf_mold_google_0007.jpg,31,31,9,25
1892,/lustre/backup/WUR/WFSR/gaur001/PlantSeg/plantsegv3/images/test/tomato_leaf_mold_google_0024.jpg,31,31,21,25
1893,/lustre/backup/WUR/WFSR/gaur001/PlantSeg/plantsegv3/images/test/tomato_leaf_mold_google_0051.jpg,31,31,21,9
1894,/lustre/backup/WUR/WFSR/gaur001/PlantSeg/plantsegv3/images/test/tomato_leaf_mold_google_0105.jpg,31,31,9,9
1895,/lustre/backup/WUR/WFSR/gaur001/PlantSeg/plantsegv3/images/test/tomato_leaf_mold_google_0116.jpg,31,31,31,31
1896,/lustre/backup/WUR/WFSR/gaur001/PlantSeg/plantsegv3/images/test/tomato_leaf_mold_google_0131.jpg,31,31,31,9
1897,/lustre/backup/WUR/WFSR/gaur001/PlantSeg/plantsegv3/images/test/tomato_leaf_mold_google_0135.jpg,31,31,3,25
1898,/lustre/backup/WUR/WFSR/gaur001/PlantSeg/plantsegv3/images/test/tomato_leaf_mold_google_0152.jpg,31,31,9,9
1899,/lustre/backup/WUR/WFSR/gaur001/PlantSeg/plantsegv3/images/test/tomato_leaf_mold_google_0174.jpg,31,31,9,9
1900,/lustre/backup/WUR/WFSR/gaur001/PlantSeg/plantsegv3/images/test/tomato_mosaic_virus_143.jpg,36,36,25,25
1901,/lustre/backup/WUR/WFSR/gaur001/PlantSeg/plantsegv3/images/test/tomato_mosaic_virus_15.jpg,36,36,8,25
1902,/lustre/backup/WUR/WFSR/gaur001/PlantSeg/plantsegv3/images/test/tomato_mosaic_virus_16.jpg,36,36,26,9
1903,/lustre/backup/WUR/WFSR/gaur001/PlantSeg/plantsegv3/images/test/tomato_mosaic_virus_194.jpg,36,36,25,25
1904,/lustre/backup/WUR/WFSR/gaur001/PlantSeg/plantsegv3/images/test/tomato_mosaic_virus_25.jpg,36,36,25,9
1905,/lustre/backup/WUR/WFSR/gaur001/PlantSeg/plantsegv3/images/test/tomato_mosaic_virus_33.jpg,36,36,9,25
1906,/lustre/backup/WUR/WFSR/gaur001/PlantSeg/plantsegv3/images/test/tomato_mosaic_virus_55.jpg,36,36,25,25
1907,/lustre/backup/WUR/WFSR/gaur001/PlantSeg/plantsegv3/images/test/tomato_mosaic_virus_google_0031.jpg,36,36,25,25
1908,/lustre/backup/WUR/WFSR/gaur001/PlantSeg/plantsegv3/images/test/tomato_mosaic_virus_google_0042.jpg,36,36,9,9
1909,/lustre/backup/WUR/WFSR/gaur001/PlantSeg/plantsegv3/images/test/tomato_mosaic_virus_google_0049.jpg,36,36,19,9
1910,/lustre/backup/WUR/WFSR/gaur001/PlantSeg/plantsegv3/images/test/tomato_mosaic_virus_google_0113.jpg,36,36,31,25
1911,/lustre/backup/WUR/WFSR/gaur001/PlantSeg/plantsegv3/images/test/tomato_mosaic_virus_google_0126.jpg,36,36,31,31
1912,/lustre/backup/WUR/WFSR/gaur001/PlantSeg/plantsegv3/images/test/tomato_mosaic_virus_google_0140.jpg,36,36,26,25
1913,/lustre/backup/WUR/WFSR/gaur001/PlantSeg/plantsegv3/images/test/tomato_septoria_leaf_spot_10.jpg,32,32,20,25
1914,/lustre/backup/WUR/WFSR/gaur001/PlantSeg/plantsegv3/images/test/tomato_septoria_leaf_spot_18.jpg,32,32,28,25
1915,/lustre/backup/WUR/WFSR/gaur001/PlantSeg/plantsegv3/images/test/tomato_septoria_leaf_spot_20.jpg,32,32,9,9
1916,/lustre/backup/WUR/WFSR/gaur001/PlantSeg/plantsegv3/images/test/tomato_septoria_leaf_spot_243.jpg,32,32,8,25
1917,/lustre/backup/WUR/WFSR/gaur001/PlantSeg/plantsegv3/images/test/tomato_septoria_leaf_spot_61.jpg,32,32,9,9
1918,/lustre/backup/WUR/WFSR/gaur001/PlantSeg/plantsegv3/images/test/tomato_septoria_leaf_spot_63.jpg,32,32,25,25
1919,/lustre/backup/WUR/WFSR/gaur001/PlantSeg/plantsegv3/images/test/tomato_septoria_leaf_spot_80.jpg,32,32,20,9
1920,/lustre/backup/WUR/WFSR/gaur001/PlantSeg/plantsegv3/images/test/tomato_septoria_leaf_spot_google_0021.jpg,32,32,9,9
1921,/lustre/backup/WUR/WFSR/gaur001/PlantSeg/plantsegv3/images/test/tomato_septoria_leaf_spot_google_0022.jpg,32,32,26,25
1922,/lustre/backup/WUR/WFSR/gaur001/PlantSeg/plantsegv3/images/test/tomato_septoria_leaf_spot_google_0023.jpg,32,32,20,9
1923,/lustre/backup/WUR/WFSR/gaur001/PlantSeg/plantsegv3/images/test/tomato_septoria_leaf_spot_google_0026.jpg,32,32,25,9
1924,/lustre/backup/WUR/WFSR/gaur001/PlantSeg/plantsegv3/images/test/tomato_septoria_leaf_spot_google_0027.jpg,32,32,9,9
1925,/lustre/backup/WUR/WFSR/gaur001/PlantSeg/plantsegv3/images/test/tomato_septoria_leaf_spot_google_0033.jpg,32,32,29,25
1926,/lustre/backup/WUR/WFSR/gaur001/PlantSeg/plantsegv3/images/test/tomato_septoria_leaf_spot_google_0045.jpg,32,32,9,9
1927,/lustre/backup/WUR/WFSR/gaur001/PlantSeg/plantsegv3/images/test/tomato_septoria_leaf_spot_google_0051.jpg,32,32,3,9
1928,/lustre/backup/WUR/WFSR/gaur001/PlantSeg/plantsegv3/images/test/tomato_septoria_leaf_spot_google_0053.jpg,32,32,9,9
1929,/lustre/backup/WUR/WFSR/gaur001/PlantSeg/plantsegv3/images/test/tomato_septoria_leaf_spot_google_0061.jpg,32,32,9,9
1930,/lustre/backup/WUR/WFSR/gaur001/PlantSeg/plantsegv3/images/test/tomato_septoria_leaf_spot_google_0070.jpg,32,32,26,9
1931,/lustre/backup/WUR/WFSR/gaur001/PlantSeg/plantsegv3/images/test/tomato_septoria_leaf_spot_google_0081.jpg,32,32,20,25
1932,/lustre/backup/WUR/WFSR/gaur001/PlantSeg/plantsegv3/images/test/tomato_septoria_leaf_spot_google_0128.jpg,32,32,9,9
1933,/lustre/backup/WUR/WFSR/gaur001/PlantSeg/plantsegv3/images/test/tomato_septoria_leaf_spot_google_0131.jpg,32,32,31,9
1934,/lustre/backup/WUR/WFSR/gaur001/PlantSeg/plantsegv3/images/test/tomato_septoria_leaf_spot_google_0151.jpg,32,32,25,25
1935,/lustre/backup/WUR/WFSR/gaur001/PlantSeg/plantsegv3/images/test/tomato_septoria_leaf_spot_google_0189.jpg,32,32,11,25
1936,/lustre/backup/WUR/WFSR/gaur001/PlantSeg/plantsegv3/images/test/tomato_septoria_leaf_spot_google_0205.jpg,32,32,28,28
1937,/lustre/backup/WUR/WFSR/gaur001/PlantSeg/plantsegv3/images/test/tomato_septoria_leaf_spot_google_0208.jpg,32,32,9,9
1938,/lustre/backup/WUR/WFSR/gaur001/PlantSeg/plantsegv3/images/test/tomato_septoria_leaf_spot_google_0243.jpg,32,32,26,8
1939,/lustre/backup/WUR/WFSR/gaur001/PlantSeg/plantsegv3/images/test/tomato_yellow_leaf_curl_virus_15.jpg,35,35,26,25
1940,/lustre/backup/WUR/WFSR/gaur001/PlantSeg/plantsegv3/images/test/tomato_yellow_leaf_curl_virus_17.jpg,35,35,9,25
1941,/lustre/backup/WUR/WFSR/gaur001/PlantSeg/plantsegv3/images/test/tomato_yellow_leaf_curl_virus_18.jpg,35,35,25,9
1942,/lustre/backup/WUR/WFSR/gaur001/PlantSeg/plantsegv3/images/test/tomato_yellow_leaf_curl_virus_227.jpg,35,35,31,9
1943,/lustre/backup/WUR/WFSR/gaur001/PlantSeg/plantsegv3/images/test/tomato_yellow_leaf_curl_virus_4.jpg,35,35,31,9
1944,/lustre/backup/WUR/WFSR/gaur001/PlantSeg/plantsegv3/images/test/tomato_yellow_leaf_curl_virus_40.jpg,35,35,25,25
1945,/lustre/backup/WUR/WFSR/gaur001/PlantSeg/plantsegv3/images/test/tomato_yellow_leaf_curl_virus_44.jpg,35,35,26,25
1946,/lustre/backup/WUR/WFSR/gaur001/PlantSeg/plantsegv3/images/test/tomato_yellow_leaf_curl_virus_62.jpg,35,35,26,9
1947,/lustre/backup/WUR/WFSR/gaur001/PlantSeg/plantsegv3/images/test/tomato_yellow_leaf_curl_virus_99.jpg,35,35,25,9
1948,/lustre/backup/WUR/WFSR/gaur001/PlantSeg/plantsegv3/images/test/tomato_yellow_leaf_curl_virus_google_0010.jpg,35,35,25,9
1949,/lustre/backup/WUR/WFSR/gaur001/PlantSeg/plantsegv3/images/test/tomato_yellow_leaf_curl_virus_google_0021.jpg,35,35,26,26
1950,/lustre/backup/WUR/WFSR/gaur001/PlantSeg/plantsegv3/images/test/tomato_yellow_leaf_curl_virus_google_0032.jpg,35,35,9,9
1951,/lustre/backup/WUR/WFSR/gaur001/PlantSeg/plantsegv3/images/test/tomato_yellow_leaf_curl_virus_google_0037.jpg,35,35,25,9
1952,/lustre/backup/WUR/WFSR/gaur001/PlantSeg/plantsegv3/images/test/tomato_yellow_leaf_curl_virus_google_0061.jpg,35,35,25,25
1953,/lustre/backup/WUR/WFSR/gaur001/PlantSeg/plantsegv3/images/test/tomato_yellow_leaf_curl_virus_google_0072.jpg,35,35,25,9
1954,/lustre/backup/WUR/WFSR/gaur001/PlantSeg/plantsegv3/images/test/tomato_yellow_leaf_curl_virus_google_0078.jpg,35,35,25,25
1955,/lustre/backup/WUR/WFSR/gaur001/PlantSeg/plantsegv3/images/test/tomato_yellow_leaf_curl_virus_google_0114.jpg,35,35,25,25
1956,/lustre/backup/WUR/WFSR/gaur001/PlantSeg/plantsegv3/images/test/tomato_yellow_leaf_curl_virus_google_0146.jpg,35,35,16,9
1957,/lustre/backup/WUR/WFSR/gaur001/PlantSeg/plantsegv3/images/test/tomato_yellow_leaf_curl_virus_google_0162.jpg,35,35,25,9
